__sample_id__,__target__,A1,A2,A3,A4,A5,A6,A7,A8,A9,A10,A11,A12,A13,A14
credit_000000,0,1,65,168,2,4,4,39,0,0,1,1,2,32,161
credit_000001,0,0,72,123,2,8,4,5,0,0,1,0,2,53,1
credit_000002,0,0,142,52,1,4,4,31,0,0,1,1,2,98,1
credit_000003,1,0,60,169,1,5,3,1,1,1,12,1,2,1,1
credit_000004,1,1,44,134,2,6,4,46,1,1,15,0,2,18,68
credit_000005,1,0,4,20,2,8,8,37,1,1,3,0,2,32,1
credit_000006,0,1,16,119,2,3,4,4,0,0,1,0,2,18,50
credit_000007,1,0,330,94,2,11,8,66,1,1,7,0,2,12,120
credit_000008,0,1,126,33,1,2,8,65,0,0,1,0,2,61,117
credit_000009,0,0,315,125,2,4,8,100,1,1,4,1,2,32,36
credit_000010,1,1,183,52,2,14,8,81,1,1,5,1,2,89,144
credit_000011,1,1,248,102,2,11,8,85,1,1,7,1,2,148,1
credit_000012,0,1,49,40,1,8,8,34,1,1,4,1,2,45,79
credit_000013,1,1,198,102,2,14,8,104,1,1,7,1,2,1,150
credit_000014,0,1,329,69,2,8,4,56,0,0,1,1,2,107,1
credit_000015,1,1,284,116,2,4,4,2,0,0,1,0,2,1,196
credit_000016,1,1,142,95,2,9,4,104,1,1,3,1,2,109,1
credit_000017,1,0,33,139,2,6,4,20,1,1,3,0,2,26,124
credit_000018,0,1,42,40,1,4,4,4,0,0,1,0,2,45,5
credit_000019,1,0,69,111,2,11,4,60,1,1,8,0,2,41,202
credit_000020,0,0,129,20,2,6,4,2,0,0,1,0,2,92,151
credit_000021,0,0,35,20,1,6,4,16,1,0,1,1,2,53,1
credit_000022,0,1,246,42,2,2,4,5,0,0,1,0,2,57,1
credit_000023,0,1,250,52,2,4,4,6,1,0,1,0,2,53,1
credit_000024,0,1,38,146,2,6,4,21,0,0,1,0,2,24,101
credit_000025,1,1,176,46,2,13,8,93,1,1,4,1,2,1,1
credit_000026,0,1,70,5,1,4,4,4,0,0,1,0,2,69,44
credit_000027,1,1,181,74,1,8,8,48,1,1,2,1,2,63,235
credit_000028,1,0,155,175,2,8,4,47,1,1,2,0,2,77,20
credit_000029,1,1,77,66,2,8,4,28,1,1,12,1,2,18,186
credit_000030,1,1,118,26,2,8,8,78,1,1,4,1,2,106,66
credit_000031,0,0,47,160,1,14,8,1,0,0,1,1,2,51,28
credit_000032,0,1,305,43,1,8,8,114,1,0,1,1,2,69,50
credit_000033,1,1,77,169,2,9,8,50,1,1,12,1,2,100,92
credit_000034,0,1,259,40,2,7,4,123,0,1,2,1,2,115,54
credit_000035,0,1,348,204,1,1,1,2,0,1,3,0,2,1,102
credit_000036,1,1,95,180,2,6,4,65,1,0,1,1,1,3,1
credit_000037,1,1,236,191,2,9,4,111,1,1,7,1,2,20,1
credit_000038,1,0,282,132,2,8,4,106,1,1,7,1,2,1,164
credit_000039,1,0,280,73,2,14,4,123,1,1,3,1,2,155,178
credit_000040,1,1,78,1,2,13,4,3,1,0,1,0,2,1,1
credit_000041,0,1,71,46,1,6,4,15,0,0,1,1,2,38,42
credit_000042,1,1,115,37,2,14,8,31,1,0,1,0,2,1,216
credit_000043,0,1,338,18,2,8,4,16,1,1,4,1,2,63,1
credit_000044,0,1,84,14,1,8,4,2,0,1,3,0,2,40,7
credit_000045,1,0,50,156,2,11,4,19,1,1,3,1,2,14,1
credit_000046,0,0,90,52,1,8,4,5,0,0,1,0,2,43,1
credit_000047,1,1,8,2,2,8,4,2,0,0,1,0,2,1,1
credit_000048,0,0,141,55,1,10,8,47,0,0,1,0,2,91,18
credit_000049,1,0,308,196,2,8,4,93,1,1,15,0,2,1,188
credit_000050,0,1,173,82,2,4,4,14,0,0,1,1,2,84,1
credit_000051,0,1,53,90,1,3,8,2,0,0,1,0,2,45,50
credit_000052,0,1,129,5,1,4,4,3,0,0,1,0,2,76,185
credit_000053,0,1,34,52,1,8,4,54,0,0,1,1,2,36,7
credit_000054,0,1,123,78,1,11,8,87,0,1,3,1,2,119,2
credit_000055,1,1,126,46,2,9,4,47,1,1,12,1,2,140,30
credit_000056,1,1,239,119,2,6,5,73,1,1,2,0,2,1,115
credit_000057,0,0,216,66,2,3,8,6,0,0,1,0,2,92,86
credit_000058,1,1,257,101,1,9,4,69,1,0,1,1,2,16,173
credit_000059,1,1,321,177,2,7,4,31,1,1,5,1,2,69,1
credit_000060,0,1,262,102,2,3,5,52,0,0,1,1,2,46,1
credit_000061,0,0,84,25,2,9,4,7,0,1,2,1,2,86,5
credit_000062,1,1,28,55,2,3,4,37,1,1,3,0,2,38,94
credit_000063,0,0,243,82,2,3,5,14,0,0,1,0,1,170,1
credit_000064,1,0,90,17,2,11,8,37,1,0,1,0,2,98,141
credit_000065,1,1,253,149,2,14,8,107,1,1,9,0,2,1,1
credit_000066,0,0,38,6,2,11,4,2,0,0,1,1,2,124,1
credit_000067,0,1,58,169,2,3,4,14,1,0,1,1,2,32,43
credit_000068,0,1,160,71,2,1,1,1,0,1,6,0,2,61,64
credit_000069,1,1,120,48,2,13,8,44,1,1,13,1,2,160,131
credit_000070,0,1,290,214,1,1,1,1,1,0,1,1,2,1,1
credit_000071,0,0,152,43,2,9,8,2,0,1,4,0,2,1,29
credit_000072,0,1,140,40,2,9,4,43,0,0,1,0,2,69,1
credit_000073,1,1,130,103,1,8,5,37,1,1,9,1,2,47,8
credit_000074,1,1,240,208,2,10,9,131,1,1,12,0,2,1,158
credit_000075,0,1,211,92,2,11,4,73,0,0,1,0,2,144,36
credit_000076,0,1,102,12,2,4,8,73,0,0,1,1,2,111,1
credit_000077,0,1,145,82,2,8,4,5,0,0,1,0,2,76,1
credit_000078,0,1,77,1,2,4,4,26,0,1,12,0,1,1,1
credit_000079,1,0,171,45,2,9,4,28,1,1,17,0,2,38,184
credit_000080,1,1,97,82,2,13,4,17,1,1,8,0,2,1,223
credit_000081,0,0,200,85,2,1,1,1,0,1,7,0,2,1,77
credit_000082,0,0,29,151,2,2,4,11,0,0,1,0,2,24,34
credit_000083,0,1,238,102,2,3,5,6,0,0,1,0,2,158,1
credit_000084,0,1,81,33,2,8,4,14,0,0,1,1,1,98,1
credit_000085,1,1,219,1,2,8,4,1,0,0,1,0,3,65,1
credit_000086,0,0,92,189,2,11,8,37,0,0,1,0,2,98,2
credit_000087,1,0,276,185,2,3,5,89,1,1,10,1,2,1,1
credit_000088,1,1,190,106,2,9,4,3,0,0,1,1,2,100,7
credit_000089,0,1,66,20,1,1,1,1,0,0,1,0,2,32,1
credit_000090,0,1,125,41,2,4,8,7,0,0,1,1,1,45,1
credit_000091,0,1,258,89,2,6,4,2,0,0,1,0,2,34,50
credit_000092,0,1,135,193,2,2,4,4,0,0,1,0,2,1,93
credit_000093,1,1,208,102,2,8,5,58,1,1,7,0,2,1,104
credit_000094,0,0,24,151,1,11,8,5,0,0,1,0,2,111,1
credit_000095,1,1,55,46,2,9,4,37,0,0,1,0,2,49,9
credit_000096,0,0,228,50,2,6,4,7,0,0,1,0,2,1,106
credit_000097,0,1,167,2,1,7,4,2,0,0,1,0,2,1,1
credit_000098,0,0,15,144,2,6,4,43,0,1,11,1,2,1,11
credit_000099,1,0,47,29,2,11,4,39,1,1,2,0,2,1,1
credit_000100,0,0,230,87,2,8,4,65,0,0,1,0,2,149,1
credit_000101,1,1,226,9,2,4,4,3,1,0,1,1,2,98,1
credit_000102,1,1,124,190,2,9,4,95,1,0,1,1,2,150,115
credit_000103,1,1,125,20,1,13,4,7,1,1,3,0,2,92,115
credit_000104,0,1,34,1,1,1,1,1,0,1,5,0,2,13,2
credit_000105,1,0,95,30,2,14,8,27,1,0,1,1,2,53,220
credit_000106,1,1,124,55,2,14,8,26,1,1,5,0,2,45,224
credit_000107,0,1,67,139,2,6,4,3,0,0,1,0,2,1,1
credit_000108,1,0,295,188,2,4,8,110,1,0,1,1,2,1,1
credit_000109,0,1,173,66,2,8,4,31,0,0,1,1,2,98,1
credit_000110,0,1,222,154,1,4,4,4,0,0,1,0,2,53,1
credit_000111,0,1,279,119,2,8,4,26,0,0,1,1,2,1,82
credit_000112,0,1,126,87,1,3,8,95,1,1,3,1,2,22,1
credit_000113,1,0,204,31,2,6,4,20,1,1,5,0,2,1,175
credit_000114,0,1,184,10,2,3,5,76,0,0,1,1,1,136,1
credit_000115,1,1,189,3,1,7,5,2,1,1,2,1,2,98,180
credit_000116,1,0,50,158,2,13,8,9,1,1,2,1,2,24,36
credit_000117,1,1,181,33,2,14,4,20,1,1,8,1,2,111,207
credit_000118,1,1,73,164,2,11,4,58,1,1,8,1,2,32,140
credit_000119,1,1,290,136,2,8,8,119,1,1,10,0,2,64,177
credit_000120,1,1,242,102,2,8,4,85,1,1,8,0,2,1,201
credit_000121,0,1,49,29,1,8,4,47,0,0,1,1,1,86,1
credit_000122,0,0,227,46,2,1,1,1,0,0,1,0,2,23,1
credit_000123,1,0,323,205,2,8,4,93,1,1,8,0,2,1,200
credit_000124,1,0,160,85,2,13,8,17,1,1,10,1,2,64,1
credit_000125,0,1,64,27,2,9,4,8,0,1,2,0,2,136,91
credit_000126,1,0,327,151,2,11,4,76,1,1,15,0,2,1,176
credit_000127,0,1,137,13,2,8,4,8,0,0,1,0,2,77,62
credit_000128,1,0,273,87,2,5,3,1,1,0,1,0,2,32,148
credit_000129,1,1,52,73,1,2,4,28,1,1,9,1,2,53,2
credit_000130,1,0,92,180,2,6,4,37,1,1,13,1,2,38,121
credit_000131,0,0,51,17,1,10,2,26,0,0,1,0,2,92,1
credit_000132,0,1,91,187,1,1,1,1,0,0,1,0,2,65,1
credit_000133,0,0,112,69,1,8,4,3,0,0,1,0,1,24,1
credit_000134,0,1,244,29,2,1,1,1,1,0,1,0,2,42,2
credit_000135,0,0,223,93,2,8,4,4,0,0,1,0,2,53,1
credit_000136,0,1,39,20,2,1,1,1,0,1,4,0,2,114,137
credit_000137,1,1,232,144,2,7,4,99,1,1,15,0,2,86,211
credit_000138,1,1,104,17,2,8,4,36,1,1,6,1,2,106,1
credit_000139,1,0,274,73,2,8,4,55,1,1,9,1,2,129,208
credit_000140,0,1,40,151,1,4,8,23,1,0,1,1,2,45,1
credit_000141,0,0,67,40,1,1,1,71,0,0,1,0,2,98,1
credit_000142,0,1,32,83,1,1,1,1,0,0,1,1,2,63,2
credit_000143,1,1,339,206,2,14,8,129,1,1,10,1,2,1,150
credit_000144,0,0,11,40,2,11,4,7,0,1,2,0,2,34,48
credit_000145,1,0,343,196,2,10,9,1,1,1,15,0,2,1,204
credit_000146,1,1,349,210,2,10,9,120,1,1,2,1,2,1,53
credit_000147,0,0,5,72,2,11,4,3,0,0,1,0,2,38,1
credit_000148,0,1,197,87,2,2,5,119,1,0,1,1,2,65,1
credit_000149,1,0,280,132,2,10,5,99,1,1,7,0,2,123,239
credit_000150,1,1,78,1,2,8,4,1,0,0,1,0,3,65,1
credit_000151,0,1,270,46,2,8,4,58,1,0,1,1,2,45,1
credit_000152,0,1,2,123,2,10,4,26,0,0,1,0,2,161,1
credit_000153,0,1,32,14,1,8,4,5,0,1,2,0,2,69,2
credit_000154,1,1,307,119,2,4,4,98,1,1,16,0,2,1,231
credit_000155,1,1,35,1,1,7,5,1,0,0,1,1,1,152,2
credit_000156,1,1,22,6,2,11,7,6,0,0,1,0,2,69,32
credit_000157,0,1,218,29,2,10,4,2,0,0,1,0,2,38,6
credit_000158,1,1,72,48,1,9,4,67,1,1,7,0,2,24,1
credit_000159,0,1,283,91,2,14,5,3,0,0,1,1,2,156,1
credit_000160,0,1,189,66,2,8,4,26,0,0,1,0,2,146,17
credit_000161,0,0,180,49,2,2,4,15,0,0,1,1,2,1,1
credit_000162,1,1,261,13,1,8,4,10,1,1,9,1,2,102,70
credit_000163,1,1,193,88,1,3,5,110,1,1,8,1,2,68,1
credit_000164,0,1,258,73,2,3,5,26,1,0,1,0,2,1,77
credit_000165,0,1,25,6,2,2,4,7,0,0,1,1,1,98,1
credit_000166,0,1,77,66,2,1,1,3,0,0,1,1,2,32,209
credit_000167,1,0,70,135,1,14,4,57,0,0,1,0,2,55,1
credit_000168,0,1,21,8,2,6,4,2,0,0,1,0,2,98,135
credit_000169,0,1,27,159,1,6,4,4,1,0,1,0,2,38,105
credit_000170,0,0,124,46,2,7,4,47,1,0,1,0,1,118,1
credit_000171,1,0,33,141,1,8,4,26,1,1,5,1,2,24,115
credit_000172,0,1,72,26,2,3,4,39,0,1,2,1,2,131,10
credit_000173,0,1,336,183,1,8,8,85,1,0,1,0,2,36,1
credit_000174,1,0,82,139,2,11,4,110,1,1,6,1,2,38,1
credit_000175,0,1,201,77,2,14,8,74,1,0,1,1,2,163,1
credit_000176,0,0,322,92,1,1,1,85,0,0,1,1,2,1,5
credit_000177,0,0,309,6,2,1,1,1,0,0,1,1,1,19,26
credit_000178,1,1,246,88,2,13,8,101,1,1,9,0,2,107,1
credit_000179,1,1,255,103,2,11,8,120,1,0,1,1,2,27,1
credit_000180,0,1,246,40,1,9,4,7,0,0,1,0,2,1,75
credit_000181,0,0,186,26,2,4,5,26,1,1,4,1,2,75,1
credit_000182,1,1,103,180,2,13,4,30,1,1,23,1,2,45,89
credit_000183,1,1,88,120,1,2,4,93,1,0,1,1,1,32,1
credit_000184,1,1,80,171,1,9,4,23,1,0,1,1,2,53,94
credit_000185,0,1,155,66,2,13,8,52,0,0,1,1,1,111,1
credit_000186,0,1,215,87,2,8,5,85,1,0,1,1,1,98,1
credit_000187,0,1,110,47,2,9,4,4,0,0,1,0,2,32,1
credit_000188,0,0,144,22,2,9,4,7,0,0,1,1,2,102,1
credit_000189,0,0,76,54,2,5,3,1,0,1,2,0,2,69,37
credit_000190,0,1,14,73,2,4,4,2,0,0,1,1,2,53,32
credit_000191,1,1,139,195,2,6,4,86,1,1,6,1,2,57,1
credit_000192,0,0,134,83,2,3,5,14,1,0,1,1,2,59,1
credit_000193,0,1,194,1,2,8,4,1,0,0,1,0,3,65,1
credit_000194,0,1,81,20,2,8,8,3,1,0,1,0,2,63,1
credit_000195,1,1,95,167,2,8,4,58,1,1,18,0,2,69,159
credit_000196,1,0,31,127,2,11,4,62,1,1,6,0,2,65,236
credit_000197,0,1,13,10,2,11,4,9,0,1,5,0,2,53,9
credit_000198,0,0,7,12,2,1,1,1,0,1,2,0,2,53,59
credit_000199,0,1,178,66,2,6,4,43,0,1,3,1,2,165,1
credit_000200,1,0,46,151,2,8,8,26,1,1,5,0,2,15,174
credit_000201,0,0,61,52,1,5,3,1,0,0,1,0,2,53,1
credit_000202,1,1,181,34,2,12,8,99,1,0,1,1,2,55,237
credit_000203,0,0,99,57,2,8,8,63,1,0,1,1,2,117,2
credit_000204,1,0,92,73,2,11,8,44,1,1,19,0,2,1,115
credit_000205,1,1,157,1,2,9,4,31,1,1,2,0,2,70,1
credit_000206,0,1,50,104,1,5,4,8,0,0,1,0,2,45,74
credit_000207,0,0,241,133,1,4,4,5,0,1,3,0,2,65,19
credit_000208,0,1,140,40,2,8,8,7,0,1,3,1,2,131,52
credit_000209,0,1,244,17,1,7,4,14,0,0,1,1,2,42,1
credit_000210,1,0,141,16,2,4,4,15,1,1,5,0,2,124,115
credit_000211,1,1,312,17,1,4,8,75,1,0,1,0,2,63,95
credit_000212,0,1,188,109,1,8,4,37,0,0,1,1,2,18,1
credit_000213,0,1,95,175,2,4,4,52,1,1,3,1,2,38,6
credit_000214,0,0,113,67,1,1,1,1,0,0,1,1,2,63,41
credit_000215,1,0,180,97,2,11,8,40,1,1,3,0,2,1,1
credit_000216,0,1,185,59,2,8,4,37,0,0,1,0,3,38,1
credit_000217,0,1,207,109,2,3,5,85,0,0,1,0,2,73,129
credit_000218,0,1,38,11,2,4,4,8,0,0,1,0,2,98,103
credit_000219,1,1,87,30,2,11,4,83,1,1,3,1,2,156,180
credit_000220,1,0,153,119,2,8,5,76,1,1,8,1,2,1,201
credit_000221,0,1,42,123,2,8,4,14,0,0,1,0,2,1,1
credit_000222,1,1,99,19,2,8,4,8,1,1,8,1,2,30,214
credit_000223,0,1,142,99,2,7,4,47,0,1,2,1,2,146,43
credit_000224,0,1,262,61,2,3,5,20,1,0,1,0,2,159,1
credit_000225,0,1,136,38,2,4,4,14,1,0,1,0,1,98,1
credit_000226,0,1,163,73,1,3,5,101,0,0,1,0,2,1,2
credit_000227,1,1,45,150,2,10,2,1,1,0,1,0,2,1,1
credit_000228,1,1,269,136,2,13,8,124,1,1,2,1,2,26,180
credit_000229,1,0,74,62,2,11,8,53,1,1,8,1,2,45,193
credit_000230,1,0,49,73,2,11,4,5,1,1,4,0,2,32,7
credit_000231,0,1,126,46,2,9,4,52,0,1,2,1,2,32,4
credit_000232,0,1,244,61,1,14,8,115,1,0,1,1,2,61,1
credit_000233,1,1,318,215,1,8,4,132,1,1,22,0,2,1,16
credit_000234,1,0,339,6,2,1,1,1,1,1,2,0,2,84,50
credit_000235,1,0,69,167,1,14,8,20,1,1,5,0,2,1,97
credit_000236,0,0,88,66,1,3,5,81,0,0,1,0,2,69,111
credit_000237,0,0,345,115,2,1,1,1,0,0,1,0,1,1,1
credit_000238,0,1,203,26,2,4,4,37,0,0,1,1,2,83,1
credit_000239,1,1,287,175,2,7,4,128,1,0,1,0,1,35,1
credit_000240,1,0,128,196,1,10,9,1,1,0,1,0,2,1,232
credit_000241,1,1,200,66,2,4,4,81,1,1,8,0,2,49,165
credit_000242,1,1,293,129,2,3,5,105,1,1,16,1,2,1,213
credit_000243,0,1,350,109,2,8,4,15,1,0,1,0,2,1,99
credit_000244,0,1,139,185,2,2,8,14,0,0,1,0,2,81,1
credit_000245,0,0,12,17,2,3,4,5,0,1,7,1,2,86,30
credit_000246,0,0,6,6,2,6,4,26,0,1,3,1,2,107,2
credit_000247,1,1,333,193,2,1,1,130,1,1,16,1,2,1,150
credit_000248,1,1,127,55,2,4,8,77,1,1,3,1,2,64,1
credit_000249,1,1,249,47,2,3,5,73,0,0,1,0,2,76,1
credit_000250,0,1,86,139,2,6,4,7,0,0,1,1,2,1,1
credit_000251,0,1,90,186,1,6,4,2,0,0,1,1,2,38,113
credit_000252,1,1,196,196,2,12,7,92,1,1,10,1,2,1,61
credit_000253,0,1,185,40,2,9,4,29,0,0,1,0,2,38,1
credit_000254,1,0,243,151,2,11,8,43,1,0,1,0,2,8,143
credit_000255,1,1,47,54,2,8,4,52,1,1,2,0,2,32,66
credit_000256,1,1,218,37,1,2,4,37,0,0,1,1,2,138,1
credit_000257,1,1,288,92,2,7,4,4,1,0,1,1,2,80,1
credit_000258,0,1,76,26,2,7,4,14,0,0,1,1,1,107,1
credit_000259,0,1,199,81,2,8,8,109,0,0,1,1,2,1,1
credit_000260,0,1,10,70,2,6,4,18,0,1,2,0,2,24,22
credit_000261,1,1,72,160,2,11,8,33,1,0,1,0,2,32,1
credit_000262,0,0,61,173,2,8,4,7,0,0,1,1,2,63,1
credit_000263,1,0,96,67,1,6,4,7,1,0,1,1,2,120,1
credit_000264,1,1,209,58,1,9,4,3,1,1,2,0,2,15,157
credit_000265,0,0,134,85,2,8,4,7,0,1,2,1,2,11,67
credit_000266,0,1,66,176,2,8,4,72,0,1,3,1,2,63,72
credit_000267,1,1,190,47,2,13,4,38,1,1,2,1,2,156,238
credit_000268,0,1,199,66,2,3,4,26,0,0,1,1,2,73,1
credit_000269,0,1,134,84,2,6,4,7,0,0,1,1,2,32,1
credit_000270,0,0,35,108,2,3,8,8,0,0,1,0,2,24,114
credit_000271,1,1,79,33,2,8,4,23,1,0,1,0,1,102,1
credit_000272,0,1,11,5,2,8,4,5,0,0,1,0,2,43,1
credit_000273,1,0,43,5,2,11,4,26,0,1,2,0,2,86,136
credit_000274,1,1,68,164,2,9,4,47,1,1,2,0,2,24,90
credit_000275,0,1,188,104,1,3,5,28,0,0,1,1,2,149,1
credit_000276,0,0,323,12,2,3,5,26,1,0,1,1,2,88,187
credit_000277,0,1,9,29,2,7,4,3,1,0,1,0,1,69,1
credit_000278,1,1,177,66,2,13,8,63,1,1,7,0,2,53,183
credit_000279,1,1,286,211,2,9,4,43,1,1,4,0,2,38,15
credit_000280,0,1,190,70,2,3,5,58,0,0,1,1,2,84,77
credit_000281,0,1,26,39,1,10,2,1,0,0,1,0,2,32,1
credit_000282,0,1,266,17,2,7,4,116,1,0,1,0,1,131,1
credit_000283,0,1,228,52,2,4,4,14,0,0,1,1,2,102,3
credit_000284,0,1,164,26,1,6,4,73,0,0,1,1,2,107,1
credit_000285,1,1,96,51,2,14,4,41,1,1,2,1,2,128,21
credit_000286,1,1,341,164,2,10,9,131,1,1,8,1,2,5,1
credit_000287,1,1,247,1,2,8,5,126,1,0,1,0,2,1,1
credit_000288,0,1,160,37,2,1,1,1,0,1,2,0,2,30,20
credit_000289,0,0,214,98,2,1,1,1,0,0,1,0,2,53,1
credit_000290,0,1,173,127,2,10,5,39,1,0,1,1,1,136,1
credit_000291,0,0,168,76,2,1,1,66,0,1,3,1,2,69,5
credit_000292,1,1,93,70,2,8,4,52,1,1,7,0,2,65,125
credit_000293,1,1,63,18,1,14,4,2,1,1,2,1,2,167,40
credit_000294,1,1,191,73,2,13,8,103,1,0,1,1,2,1,1
credit_000295,0,1,302,73,1,1,1,37,0,0,1,0,2,63,5
credit_000296,0,0,163,46,2,1,1,1,0,1,3,1,2,69,51
credit_000297,0,1,224,24,2,8,4,10,0,1,3,0,2,80,115
credit_000298,1,1,231,51,2,14,4,4,1,1,6,1,2,149,1
credit_000299,0,1,24,65,2,8,7,25,0,1,3,1,2,53,123
credit_000300,1,1,229,102,2,13,4,73,1,1,11,1,2,1,1
credit_000301,0,1,42,165,2,8,4,47,0,0,1,1,2,44,1
credit_000302,0,1,176,63,2,2,8,95,0,0,1,1,2,101,1
credit_000303,0,1,29,112,2,2,4,15,0,0,1,0,2,38,1
credit_000304,0,0,4,130,2,11,4,4,0,1,2,1,2,1,69
credit_000305,1,1,233,114,2,13,8,115,1,1,15,1,2,130,1
credit_000306,0,0,39,22,2,9,4,41,0,0,1,0,2,77,6
credit_000307,1,1,56,160,2,8,4,65,1,0,1,1,2,1,1
credit_000308,0,0,72,26,2,8,4,47,0,1,3,1,2,69,107
credit_000309,0,1,103,78,2,8,8,53,0,1,2,1,2,135,22
credit_000310,0,1,53,153,1,10,8,31,0,0,1,0,2,92,1
credit_000311,0,0,291,46,2,5,3,1,1,0,1,1,2,32,26
credit_000312,0,1,49,107,2,11,4,10,1,1,2,0,2,53,1
credit_000313,1,0,40,9,2,11,8,8,1,1,12,0,2,24,49
credit_000314,1,1,62,10,2,2,8,18,1,0,1,1,2,1,1
credit_000315,0,1,116,18,2,4,1,1,0,0,1,0,2,32,1
credit_000316,0,0,225,102,2,13,4,122,1,0,1,1,2,169,1
credit_000317,1,0,296,181,2,6,4,53,1,1,4,1,2,52,1
credit_000318,0,0,3,13,2,8,4,26,0,0,1,0,2,38,19
credit_000319,1,0,90,183,2,8,5,84,1,1,3,0,2,21,110
credit_000320,1,1,52,100,1,9,4,52,1,1,2,1,2,24,94
credit_000321,1,1,65,164,2,13,4,18,1,0,1,0,2,32,1
credit_000322,1,1,313,143,2,1,1,125,1,1,12,1,2,9,94
credit_000323,1,1,23,109,2,4,4,14,1,0,1,0,2,24,1
credit_000324,1,1,213,93,1,4,4,7,1,1,11,1,2,107,1
credit_000325,1,1,221,154,2,14,4,58,1,1,7,0,2,156,76
credit_000326,0,1,62,47,2,4,4,3,0,0,1,1,2,116,1
credit_000327,0,0,303,119,2,3,5,67,0,0,1,1,2,21,1
credit_000328,0,1,66,61,2,3,4,4,0,0,1,0,2,53,11
credit_000329,0,1,306,46,2,2,4,74,0,0,1,1,2,1,101
credit_000330,1,0,335,102,2,6,4,76,1,1,5,0,2,1,49
credit_000331,1,1,44,110,2,9,4,42,1,0,1,0,1,38,1
credit_000332,1,1,79,87,2,8,5,7,1,0,1,1,2,53,1
credit_000333,0,1,207,15,1,9,4,8,0,0,1,1,2,104,3
credit_000334,0,0,256,52,1,8,4,1,0,0,1,1,2,49,2
credit_000335,0,1,83,29,2,3,8,3,0,0,1,1,2,77,6
credit_000336,1,0,205,33,2,8,4,47,1,1,12,0,2,1,111
credit_000337,0,1,236,102,2,1,1,1,0,1,3,0,2,2,2
credit_000338,1,0,32,93,1,8,8,65,1,0,1,0,2,86,1
credit_000339,0,1,120,21,2,6,4,12,1,0,1,1,2,69,1
credit_000340,0,1,174,73,2,2,4,5,0,0,1,1,2,38,1
credit_000341,0,1,37,46,1,13,4,47,1,0,1,1,2,32,21
credit_000342,1,0,71,162,2,11,4,11,1,1,6,1,2,1,120
credit_000343,1,1,238,118,2,11,4,2,1,1,2,0,2,69,94
credit_000344,1,1,72,6,2,8,3,52,0,0,1,1,1,1,1
credit_000345,1,0,81,27,1,11,4,37,1,1,3,1,2,24,109
credit_000346,1,0,147,107,2,10,2,52,1,1,6,1,2,31,115
credit_000347,1,0,241,128,1,11,8,108,1,1,15,0,2,1,192
credit_000348,1,0,214,105,2,10,4,85,1,0,1,1,2,1,206
credit_000349,0,1,158,57,2,8,4,3,0,0,1,0,2,102,1
credit_000350,1,0,97,72,2,14,8,24,1,0,1,0,2,117,1
credit_000351,0,1,122,180,2,6,5,7,0,0,1,1,2,165,1
credit_000352,1,1,163,87,2,14,4,85,1,1,4,1,2,100,190
credit_000353,0,1,189,119,2,6,4,4,1,0,1,1,2,142,1
credit_000354,0,1,65,63,2,4,4,20,0,0,1,0,2,63,1
credit_000355,0,1,159,75,2,8,4,58,0,1,3,1,2,53,33
credit_000356,0,1,163,17,2,8,5,23,1,0,1,1,1,107,1
credit_000357,0,1,6,76,2,9,4,3,0,1,2,0,2,1,7
credit_000358,1,1,120,50,2,13,8,87,1,1,10,0,2,130,142
credit_000359,0,1,97,73,2,8,4,31,0,1,2,0,2,1,23
credit_000360,1,1,342,109,2,10,9,121,1,1,2,1,2,1,1
credit_000361,1,0,32,144,2,9,4,40,1,1,7,1,2,11,125
credit_000362,0,0,120,11,2,7,8,4,0,1,2,1,2,95,52
credit_000363,0,0,39,22,1,8,4,26,0,1,2,0,2,171,3
credit_000364,0,1,156,48,2,2,4,16,0,0,1,1,1,1,1
credit_000365,0,0,297,29,2,6,4,14,0,0,1,1,2,86,56
credit_000366,0,1,159,46,1,9,4,2,0,0,1,0,1,53,1
credit_000367,1,1,301,196,2,8,4,110,1,1,10,0,2,1,1
credit_000368,0,0,212,11,2,1,1,1,0,1,11,0,2,69,19
credit_000369,1,1,184,70,2,7,4,78,1,1,7,0,2,71,1
credit_000370,1,0,51,73,2,6,4,2,1,0,1,0,2,32,1
credit_000371,0,1,207,202,2,9,4,3,0,0,1,0,2,107,205
credit_000372,0,1,298,20,2,1,1,1,0,0,1,0,2,48,1
credit_000373,0,0,83,28,2,11,4,11,0,1,2,1,2,69,12
credit_000374,1,1,200,95,2,14,8,95,0,0,1,1,1,164,1
credit_000375,1,0,328,207,2,3,5,115,1,1,14,0,2,1,222
credit_000376,1,1,130,30,2,7,4,25,1,1,4,1,2,129,1
credit_000377,0,1,163,21,2,4,4,7,0,0,1,0,2,124,181
credit_000378,0,0,166,73,1,5,3,1,0,0,1,0,2,53,21
credit_000379,1,1,37,119,2,9,8,36,1,1,8,0,2,24,199
credit_000380,1,1,230,115,2,7,4,32,1,1,6,1,2,34,155
credit_000381,0,1,13,79,2,3,4,9,0,0,1,1,2,45,3
credit_000382,0,1,268,123,1,8,4,40,0,0,1,0,2,53,3
credit_000383,0,1,9,1,1,6,4,7,0,0,1,0,2,18,1
credit_000384,1,0,246,119,2,11,4,14,1,1,4,1,2,48,1
credit_000385,1,1,137,196,2,8,8,91,1,1,12,0,2,1,191
credit_000386,0,0,109,55,2,5,3,1,0,0,1,1,2,97,2
credit_000387,1,1,225,80,2,9,4,76,1,1,15,0,2,126,168
credit_000388,1,1,97,115,2,8,4,26,1,1,4,0,2,1,1
credit_000389,1,0,129,13,2,11,4,16,1,1,5,0,2,24,1
credit_000390,1,1,347,201,2,1,1,1,1,0,1,1,2,1,1
credit_000391,0,1,70,169,1,7,4,37,0,0,1,1,2,1,206
credit_000392,0,0,119,40,2,1,1,1,0,1,2,0,2,27,94
credit_000393,1,0,35,137,2,13,8,20,1,1,8,0,2,30,1
credit_000394,1,0,102,1,2,8,4,1,0,0,1,0,3,65,1
credit_000395,0,1,163,2,1,2,4,78,0,0,1,1,2,146,1
credit_000396,0,0,70,136,2,11,4,43,1,1,11,0,2,24,149
credit_000397,0,0,75,40,2,11,4,7,0,0,1,1,2,38,140
credit_000398,0,1,79,182,2,8,4,4,0,1,3,0,2,1,217
credit_000399,0,0,141,36,1,14,4,26,0,0,1,0,2,98,14
credit_000400,0,0,169,115,2,2,4,31,0,0,1,0,2,95,1
credit_000401,1,1,118,46,1,9,4,10,1,0,1,1,2,92,154
credit_000402,0,1,36,163,2,8,5,16,0,1,3,1,2,69,8
credit_000403,0,1,204,64,2,9,4,4,0,1,3,0,2,77,2
credit_000404,0,1,32,1,2,11,4,18,0,0,1,0,2,53,2
credit_000405,1,0,136,85,2,8,4,28,1,1,2,1,2,121,1
credit_000406,1,1,192,92,2,3,5,71,1,1,3,0,2,96,126
credit_000407,0,0,182,73,1,6,4,47,0,0,1,0,2,63,1
credit_000408,1,1,310,147,2,10,4,112,1,1,6,0,2,1,1
credit_000409,0,1,98,33,2,6,4,14,0,0,1,0,2,69,1
credit_000410,0,1,174,59,1,4,1,1,0,0,1,0,2,38,1
credit_000411,0,0,53,102,1,1,1,1,0,0,1,0,2,1,1
credit_000412,1,0,319,198,2,5,1,1,1,1,16,0,2,1,87
credit_000413,1,1,172,6,1,8,8,71,1,1,2,1,2,139,225
credit_000414,1,0,48,174,2,8,8,96,1,0,1,0,2,111,1
credit_000415,0,0,150,109,2,4,4,93,0,0,1,1,1,32,1
credit_000416,0,0,91,23,2,6,8,43,1,0,1,0,2,131,1
credit_000417,1,1,78,166,2,14,8,13,1,1,2,0,2,32,1
credit_000418,0,0,163,167,2,1,1,1,0,0,1,0,2,65,215
credit_000419,1,0,173,18,2,13,4,2,1,0,1,0,2,141,230
credit_000420,1,1,85,46,2,2,8,45,1,1,7,0,2,69,98
credit_000421,1,1,214,5,1,8,4,37,0,0,1,1,2,84,55
credit_000422,0,1,145,40,1,4,4,7,0,0,1,0,2,79,1
credit_000423,1,0,86,17,2,11,8,31,1,1,2,0,2,1,128
credit_000424,0,1,54,10,1,8,8,7,0,0,1,0,2,98,78
credit_000425,0,1,162,197,2,8,4,14,1,0,1,0,2,38,1
credit_000426,1,1,74,73,2,7,4,32,1,1,2,0,2,92,139
credit_000427,0,1,218,52,1,8,5,7,1,0,1,1,2,55,109
credit_000428,0,0,93,95,2,9,4,26,0,0,1,1,2,117,7
credit_000429,0,1,209,86,2,9,4,29,1,0,1,1,2,69,1
credit_000430,1,0,278,26,2,11,8,63,1,1,2,0,2,110,145
credit_000431,0,1,170,87,1,13,4,37,0,0,1,1,2,38,1
credit_000432,0,0,154,161,2,11,8,3,0,1,13,1,2,41,4
credit_000433,1,1,126,47,2,9,4,74,1,1,6,1,2,32,4
credit_000434,0,1,314,197,2,10,9,1,1,1,20,0,2,50,60
credit_000435,1,1,7,26,2,8,4,43,1,1,6,1,2,115,130
credit_000436,0,1,91,180,2,9,4,24,1,0,1,1,2,92,1
credit_000437,1,1,175,109,2,11,8,93,1,1,13,1,2,132,150
credit_000438,1,1,149,17,2,8,4,43,1,1,12,0,2,10,118
credit_000439,0,1,67,16,2,4,4,4,0,0,1,1,2,98,38
credit_000440,1,1,251,32,2,14,4,58,1,0,1,0,2,153,125
credit_000441,0,1,213,55,2,3,4,7,0,0,1,1,2,78,1
credit_000442,0,1,105,184,2,13,4,14,0,0,1,0,2,1,3
credit_000443,1,1,146,54,2,8,8,80,1,0,1,0,2,92,77
credit_000444,0,1,43,10,2,11,4,4,0,0,1,0,2,69,1
credit_000445,1,1,40,13,2,11,4,47,1,1,3,1,2,24,1
credit_000446,1,1,300,2,2,14,8,2,1,0,1,0,2,1,200
credit_000447,0,1,337,123,2,10,9,1,0,0,1,0,2,1,13
credit_000448,0,1,242,79,2,7,4,73,0,0,1,1,1,131,1
credit_000449,0,0,10,9,2,6,4,4,0,0,1,0,2,69,2
credit_000450,0,1,141,19,2,9,4,8,0,1,2,0,2,111,198
credit_000451,0,1,188,95,2,6,4,26,1,0,1,1,2,86,1
credit_000452,1,0,346,1,2,8,4,1,0,0,1,0,3,65,1
credit_000453,1,1,253,8,2,3,8,88,1,0,1,0,2,131,1
credit_000454,0,0,70,164,1,11,4,65,1,0,1,1,2,94,1
credit_000455,0,1,89,55,2,10,2,5,0,1,3,0,2,107,166
credit_000456,1,1,267,17,2,3,8,85,1,0,1,1,2,107,1
credit_000457,1,0,76,173,2,14,8,14,1,1,3,1,2,102,119
credit_000458,0,1,192,42,2,3,5,4,0,0,1,1,2,141,210
credit_000459,1,1,77,169,2,3,4,73,1,1,10,0,2,17,134
credit_000460,0,1,106,30,2,4,4,10,0,1,3,1,2,60,4
credit_000461,1,0,18,139,2,6,4,34,1,0,1,1,2,1,1
credit_000462,0,1,47,36,2,11,4,37,0,0,1,0,2,34,8
credit_000463,1,1,165,199,2,2,4,65,1,1,10,0,2,87,133
credit_000464,0,0,325,55,2,1,1,99,0,1,2,0,2,1,11
credit_000465,1,1,332,47,2,11,4,4,1,0,1,1,2,92,1
credit_000466,1,0,340,192,2,1,1,1,1,1,12,1,2,1,171
credit_000467,0,1,148,34,1,3,5,14,1,1,11,1,2,43,27
credit_000468,1,1,289,119,2,11,8,96,1,0,1,1,2,114,1
credit_000469,0,0,83,169,1,4,8,65,0,0,1,1,2,3,17
credit_000470,1,1,44,141,2,8,4,41,1,1,4,1,2,11,27
credit_000471,1,1,285,130,2,9,8,127,1,1,13,0,2,1,138
credit_000472,1,1,79,46,2,11,4,55,1,1,4,1,2,1,122
credit_000473,0,1,172,192,1,1,1,1,0,1,3,0,2,53,2
credit_000474,0,1,184,12,1,13,4,3,0,0,1,0,2,63,1
credit_000475,0,1,83,16,1,9,4,61,1,1,7,1,2,72,100
credit_000476,0,1,12,12,1,4,4,8,0,0,1,0,1,69,1
credit_000477,0,0,51,136,2,8,4,5,0,0,1,0,2,1,102
credit_000478,1,0,334,200,2,11,4,117,1,0,1,1,2,4,229
credit_000479,0,1,163,102,1,6,4,110,1,0,1,0,2,1,1
credit_000480,1,0,95,178,2,13,8,73,1,1,7,0,2,131,112
credit_000481,0,1,58,148,2,8,4,7,1,0,1,0,2,45,1
credit_000482,0,1,47,1,2,8,4,1,0,0,1,0,3,65,1
credit_000483,0,0,98,187,1,1,1,47,0,1,2,1,2,69,2
credit_000484,1,1,259,97,2,11,4,82,1,0,1,0,1,1,1
credit_000485,1,1,114,52,1,8,4,26,1,1,6,1,2,53,218
credit_000486,1,1,326,124,2,7,4,124,1,1,7,1,2,117,167
credit_000487,1,1,316,169,2,1,1,85,1,1,6,0,2,1,226
credit_000488,1,1,299,151,2,3,5,1,1,1,12,0,2,1,163
credit_000489,0,1,237,17,2,7,4,7,1,0,1,0,1,99,1
credit_000490,1,1,123,56,1,6,4,47,1,1,4,1,2,120,120
credit_000491,1,1,149,119,2,13,4,68,1,1,9,0,2,109,158
credit_000492,0,1,302,56,1,1,1,37,0,0,1,0,2,38,2
credit_000493,0,0,95,164,1,6,4,81,1,0,1,0,2,38,1
credit_000494,0,1,143,26,1,8,4,2,0,0,1,0,2,86,1
credit_000495,1,0,185,13,2,13,4,10,0,0,1,0,2,102,35
credit_000496,1,1,104,26,2,8,5,7,1,0,1,0,2,113,24
credit_000497,1,0,135,34,2,8,4,58,1,1,6,1,2,102,172
credit_000498,1,0,23,13,3,13,1,115,0,0,1,1,1,102,1
credit_000499,1,1,47,123,2,8,4,40,1,1,4,0,2,69,170
credit_000500,1,1,17,209,3,1,7,1,0,0,1,1,3,143,240
credit_000501,0,1,23,122,1,7,4,2,0,0,1,0,2,45,1
credit_000502,1,1,281,66,2,7,5,58,1,1,13,1,2,133,195
credit_000503,1,1,324,136,2,10,8,101,1,1,4,0,2,1,1
credit_000504,1,1,1,87,1,9,4,43,1,1,3,1,2,38,150
credit_000505,1,1,36,144,2,11,4,26,1,0,1,1,2,18,109
credit_000506,0,0,63,172,2,4,8,3,0,0,1,0,2,107,6
credit_000507,0,1,18,151,2,9,8,5,0,1,2,0,2,38,2
credit_000508,0,1,197,66,1,9,4,65,0,0,1,0,1,69,1
credit_000509,0,1,138,82,2,9,4,73,1,1,4,1,2,108,1
credit_000510,0,1,57,26,1,12,7,20,0,0,1,1,2,43,3
credit_000511,0,1,24,156,2,8,8,28,0,0,1,0,2,107,14
credit_000512,0,1,127,73,2,9,4,20,0,0,1,1,2,102,42
credit_000513,1,0,272,160,2,11,4,85,1,1,8,1,2,1,1
credit_000514,0,1,73,169,2,3,4,11,0,0,1,0,2,1,1
credit_000515,0,0,163,82,2,2,4,65,1,0,1,1,2,102,1
credit_000516,1,0,47,127,2,4,4,37,1,1,2,0,2,53,83
credit_000517,1,0,55,63,2,3,5,14,1,1,5,0,1,24,1
credit_000518,1,1,114,92,2,13,4,79,1,1,2,1,2,38,1
credit_000519,0,0,121,50,2,1,1,1,0,0,1,0,2,111,2
credit_000520,1,1,254,34,2,9,4,85,1,1,7,1,2,152,228
credit_000521,0,0,25,151,2,9,4,26,0,1,2,0,2,38,2
credit_000522,0,0,133,33,2,11,4,26,1,1,3,1,2,56,115
credit_000523,1,0,58,115,2,6,4,58,1,1,4,0,2,24,146
credit_000524,1,1,62,164,2,14,4,8,1,1,7,0,2,39,1
credit_000525,0,1,63,17,2,8,4,4,0,0,1,0,2,117,1
credit_000526,1,1,175,139,1,9,8,90,1,0,1,1,2,51,1
credit_000527,0,0,271,33,2,11,4,4,0,0,1,1,2,93,1
credit_000528,0,0,83,20,1,1,1,4,0,0,1,0,2,38,46
credit_000529,0,0,21,18,2,8,4,43,0,1,2,1,2,24,6
credit_000530,0,1,179,66,1,9,4,101,0,0,1,1,2,98,1
credit_000531,0,0,72,12,2,11,4,20,0,0,1,0,1,53,1
credit_000532,0,1,195,35,2,7,4,29,0,0,1,0,1,7,1
credit_000533,1,1,143,44,2,9,8,20,1,1,2,0,2,86,50
credit_000534,0,1,167,66,2,6,4,104,1,0,1,1,2,157,1
credit_000535,1,0,49,54,2,11,4,49,1,1,6,0,2,77,194
credit_000536,0,1,186,70,2,3,5,1,0,0,1,0,2,63,1
credit_000537,1,1,65,28,2,8,8,51,0,0,1,1,2,40,1
credit_000538,1,0,202,175,2,11,8,124,1,1,9,0,2,1,221
credit_000539,1,1,168,94,2,13,8,97,1,1,4,0,2,105,94
credit_000540,0,0,72,27,2,3,4,3,0,0,1,0,2,47,1
credit_000541,0,1,114,194,2,3,5,1,0,0,1,1,2,62,1
credit_000542,1,1,264,55,2,7,4,43,1,1,3,1,2,1,16
credit_000543,0,1,149,36,1,8,4,2,0,0,1,0,2,58,73
credit_000544,0,1,220,123,2,11,8,118,1,1,8,1,2,102,6
credit_000545,0,1,13,4,1,8,4,2,0,0,1,0,2,45,132
credit_000546,0,1,292,62,2,1,1,8,0,0,1,0,2,69,4
credit_000547,0,1,75,7,2,7,4,3,0,0,1,0,1,1,1
credit_000548,0,0,197,40,1,3,8,14,0,0,1,1,2,53,1
credit_000549,0,1,266,164,1,2,4,37,1,0,1,0,1,1,1
credit_000550,1,1,331,70,2,9,4,43,1,1,6,1,2,18,39
credit_000551,1,1,101,13,2,7,4,7,1,1,4,0,2,92,234
credit_000552,0,0,250,34,2,6,4,18,0,0,1,0,2,86,84
credit_000553,0,1,294,204,2,1,1,1,1,1,2,0,2,29,1
credit_000554,0,0,187,48,1,1,1,1,1,0,1,0,2,107,1
credit_000555,0,1,35,87,1,3,4,26,0,0,1,1,2,117,150
credit_000556,0,0,90,64,1,8,4,1,0,0,1,0,2,38,1
credit_000557,1,1,80,46,2,8,8,35,1,0,1,0,2,137,77
credit_000558,0,1,344,139,2,1,1,76,0,1,2,0,2,20,7
credit_000559,1,1,281,11,2,8,5,126,1,1,20,0,2,1,233
credit_000560,0,0,182,66,1,8,4,58,0,0,1,1,2,1,3
credit_000561,1,1,263,73,2,11,8,96,1,1,12,0,2,24,1
credit_000562,0,1,76,21,1,6,4,4,1,0,1,0,2,63,2
credit_000563,0,1,196,66,2,13,5,14,0,0,1,0,2,112,1
credit_000564,1,1,320,203,2,2,5,126,1,1,18,1,2,1,1
credit_000565,1,0,265,121,2,11,4,102,1,1,4,1,2,1,1
credit_000566,1,0,267,1,2,8,4,58,1,0,1,0,2,1,1
credit_000567,0,1,191,52,2,9,5,7,1,0,1,1,2,54,1
credit_000568,0,0,269,96,2,4,8,26,0,0,1,1,1,86,1
credit_000569,0,1,154,69,1,7,4,4,0,0,1,1,1,24,1
credit_000570,0,1,124,26,2,11,8,5,0,0,1,1,2,77,88
credit_000571,0,1,37,126,2,7,4,2,0,1,2,0,2,32,2
credit_000572,1,0,247,33,2,3,5,52,1,0,1,1,2,1,94
credit_000573,0,0,82,46,2,9,4,24,0,0,1,1,2,53,1
credit_000574,1,1,165,28,2,14,4,33,1,1,9,1,2,103,203
credit_000575,1,0,20,164,2,14,8,26,1,1,12,0,2,1,200
credit_000576,0,0,181,61,1,13,4,73,0,0,1,1,2,69,63
credit_000577,0,0,307,123,2,6,8,65,0,0,1,0,2,1,1
credit_000578,0,0,100,37,2,11,4,32,1,1,3,0,2,69,1
credit_000579,0,1,242,46,2,3,5,1,0,0,1,0,1,102,1
credit_000580,0,1,85,20,1,13,8,4,0,0,1,0,2,86,2
credit_000581,1,1,317,180,2,4,8,108,1,0,1,1,2,6,182
credit_000582,1,0,133,74,1,14,8,59,1,1,2,0,2,20,1
credit_000583,1,1,170,87,2,7,4,58,1,0,1,1,2,117,1
credit_000584,0,1,54,30,1,8,8,7,0,0,1,0,2,98,78
credit_000585,1,1,190,140,2,8,4,81,1,1,13,1,2,1,80
credit_000586,0,1,263,213,2,11,8,6,1,1,2,0,2,166,47
credit_000587,1,0,222,115,2,4,4,26,1,0,1,1,2,1,1
credit_000588,1,1,217,56,2,9,4,2,1,0,1,1,2,131,219
credit_000589,0,1,145,56,1,14,8,2,0,0,1,0,2,40,2
credit_000590,0,1,216,68,2,13,4,5,0,0,1,1,2,1,116
credit_000591,1,1,161,205,2,8,4,101,1,1,17,0,2,1,213
credit_000592,0,1,206,67,2,1,1,1,0,0,1,0,2,1,150
credit_000593,1,1,48,64,2,8,4,47,1,1,12,1,2,69,200
credit_000594,0,1,277,113,2,9,4,93,0,0,1,0,2,147,66
credit_000595,0,1,64,131,1,3,5,5,0,0,1,1,2,65,1
credit_000596,1,1,48,151,1,8,4,58,1,0,1,0,1,11,1
credit_000597,1,1,198,66,2,9,4,1,1,0,1,1,2,85,77
credit_000598,0,1,86,30,2,7,4,3,0,1,5,0,2,90,179
credit_000599,1,1,216,119,2,7,8,78,1,1,13,1,2,28,1
credit_000600,0,0,50,145,2,3,4,2,0,0,1,0,2,69,150
credit_000601,1,1,213,78,2,11,8,113,1,0,1,1,2,33,127
credit_000602,1,1,71,152,2,14,4,2,1,1,10,0,2,18,108
credit_000603,1,0,117,187,2,11,8,85,1,1,3,0,2,1,213
credit_000604,1,0,275,16,2,13,8,11,1,1,12,1,2,141,7
credit_000605,0,0,304,1,1,1,1,1,0,0,1,0,2,1,1
credit_000606,0,1,231,66,1,3,8,115,0,0,1,1,1,69,1
credit_000607,1,1,231,49,2,8,4,37,1,1,11,0,2,66,212
credit_000608,0,0,124,56,2,9,4,7,0,0,1,1,2,63,36
credit_000609,1,1,35,144,2,9,4,37,1,0,1,0,2,38,189
credit_000610,1,1,235,92,2,8,5,99,1,1,17,0,2,37,160
credit_000611,0,1,210,26,1,2,4,16,0,0,1,0,2,86,4
credit_000612,1,1,109,10,2,3,5,1,1,0,1,1,2,1,1
credit_000613,0,1,234,51,1,7,4,5,0,0,1,0,1,131,1
credit_000614,1,1,252,15,2,8,8,6,1,1,7,0,2,77,147
credit_000615,1,1,56,127,2,6,4,35,1,1,2,0,2,24,227
credit_000616,0,0,43,40,2,8,4,1,0,0,1,0,2,1,1
credit_000617,0,0,123,73,2,7,4,64,0,1,2,1,2,98,11
credit_000618,0,1,59,27,1,13,4,18,0,0,1,0,2,53,1
credit_000619,1,1,130,105,2,14,4,84,1,1,3,0,2,136,8
credit_000620,0,1,117,61,2,3,5,14,0,0,1,1,2,162,206
credit_000621,1,0,27,141,2,11,4,30,1,1,5,0,2,18,118
credit_000622,1,0,79,114,2,11,4,70,1,1,11,0,2,38,85
credit_000623,0,1,83,53,2,8,4,15,0,0,1,1,2,44,2
credit_000624,1,1,131,102,2,9,4,117,1,0,1,1,2,20,1
credit_000625,0,1,103,60,1,6,4,76,1,0,1,0,2,67,1
credit_000626,0,0,134,50,2,11,4,56,1,0,1,1,2,141,1
credit_000627,0,1,75,77,1,8,4,5,0,0,1,0,2,53,152
credit_000628,0,0,90,34,1,1,1,14,1,1,4,0,2,63,65
credit_000629,0,1,92,18,2,7,4,26,0,0,1,1,2,38,2
credit_000630,1,1,169,52,1,10,8,2,1,0,1,1,2,127,1
credit_000631,0,1,284,85,2,3,5,26,0,0,1,0,2,32,3
credit_000632,1,0,132,82,2,9,4,23,1,0,1,0,1,98,1
credit_000633,0,1,100,18,2,9,4,5,0,1,2,0,2,95,110
credit_000634,0,1,29,157,2,1,1,11,0,0,1,0,2,24,1
credit_000635,0,1,60,38,1,4,4,58,1,1,2,0,2,63,21
credit_000636,0,1,91,40,2,8,4,7,0,0,1,0,2,35,1
credit_000637,0,1,10,89,2,3,8,11,0,0,1,1,2,38,1
credit_000638,0,1,115,55,2,2,4,20,0,0,1,1,2,24,1
credit_000639,1,1,285,82,2,6,4,73,1,0,1,0,1,82,1
credit_000640,0,1,82,70,2,1,1,81,0,0,1,0,2,53,25
credit_000641,1,0,245,56,1,11,8,4,1,1,21,1,2,145,162
credit_000642,1,1,200,212,2,14,8,40,1,1,2,1,2,154,115
credit_000643,0,1,84,175,2,8,4,49,0,0,1,0,1,24,1
credit_000644,0,1,30,102,2,11,4,10,1,1,3,0,2,1,31
credit_000645,0,1,151,17,2,2,8,3,0,0,1,1,1,88,1
credit_000646,0,0,41,26,2,8,4,22,1,1,6,1,2,45,6
credit_000647,0,1,109,29,2,13,4,29,0,0,1,0,2,32,1
credit_000648,0,1,136,46,1,8,4,37,1,0,1,1,2,1,81
credit_000649,1,1,135,142,2,11,8,94,1,1,7,0,2,125,71
credit_000650,1,1,107,33,2,11,4,43,1,0,1,1,2,98,1
credit_000651,0,1,82,77,1,4,4,11,0,1,2,1,2,98,45
credit_000652,0,1,111,185,2,10,2,1,0,0,1,1,2,45,156
credit_000653,1,1,311,122,2,8,8,61,1,1,12,1,2,1,92
credit_000654,0,1,163,13,2,2,4,24,1,0,1,1,1,168,1
credit_000655,0,0,98,180,2,2,4,26,0,0,1,1,2,63,153
credit_000656,1,1,181,77,1,14,4,69,1,1,4,1,2,124,1
credit_000657,0,1,235,49,2,8,4,37,0,0,1,0,2,1,96
credit_000658,0,0,19,1,1,5,1,1,0,0,1,0,2,25,1
credit_000659,1,1,85,22,2,8,4,5,0,0,1,0,2,32,1
credit_000660,1,1,114,69,1,13,4,90,1,1,2,0,2,74,1
credit_000661,0,0,70,14,2,3,4,9,0,0,1,1,1,47,1
credit_000662,1,1,238,18,1,6,4,14,1,1,4,0,2,69,150
credit_000663,1,0,108,138,2,6,4,35,1,0,1,0,2,53,66
credit_000664,0,1,42,1,2,2,4,14,0,0,1,0,2,47,1
credit_000665,0,1,163,87,1,3,4,3,0,0,1,1,2,134,1
credit_000666,0,1,115,95,1,8,5,58,0,0,1,0,2,69,160
credit_000667,0,0,94,40,2,1,1,1,1,0,1,0,2,24,1
credit_000668,0,0,172,46,2,8,4,7,0,0,1,1,2,122,58
credit_000669,0,1,19,94,2,8,4,7,0,0,1,0,1,24,1
credit_000670,1,0,220,109,2,11,4,4,1,0,1,1,2,81,1
credit_000671,1,1,72,67,1,8,8,60,1,0,1,0,2,1,1
credit_000672,0,0,21,155,2,1,1,1,0,0,1,0,2,1,36
credit_000673,1,1,89,179,2,11,8,39,1,0,1,1,2,38,1
credit_000674,1,0,104,17,2,8,8,24,1,0,1,1,2,151,1
credit_000675,0,1,109,180,1,4,8,31,0,0,1,1,2,1,18
credit_000676,0,0,73,117,2,6,4,5,0,0,1,0,2,77,150
credit_000677,0,1,76,26,2,7,4,14,1,0,1,1,1,107,1
credit_000678,0,1,103,11,1,8,4,37,0,0,1,1,2,53,1
credit_000679,1,1,289,8,1,4,4,7,1,1,12,0,2,124,197
credit_000680,0,1,54,1,2,8,4,14,0,0,1,1,1,1,1
credit_000681,0,1,201,200,1,8,4,76,1,0,1,0,2,24,1
credit_000682,1,0,75,170,2,13,4,2,1,0,1,0,2,24,169
credit_000683,0,0,285,42,2,3,7,9,0,0,1,0,2,1,57
credit_000684,1,1,260,11,1,13,8,43,1,1,9,0,2,32,105
credit_000685,1,1,163,160,2,14,4,99,1,0,1,0,2,1,1
credit_000686,0,1,49,14,2,8,4,4,0,0,1,0,2,1,35
credit_000687,1,0,32,145,2,6,4,3,1,0,1,0,2,32,1
credit_000688,1,0,122,193,2,14,8,67,1,1,2,0,2,38,12
credit_000689,1,1,245,2,2,10,4,2,0,1,2,0,1,159,1
