__sample_id__,__target__,Cement (component 1)(kg in a m^3 mixture),Blast Furnace Slag (component 2)(kg in a m^3 mixture),Fly Ash (component 3)(kg in a m^3 mixture),Water  (component 4)(kg in a m^3 mixture),Superplasticizer (component 5)(kg in a m^3 mixture),Coarse Aggregate  (component 6)(kg in a m^3 mixture),Fine Aggregate (component 7)(kg in a m^3 mixture),Age (day)
concrete_compressive_strength_000000,79.98611076,540.0,0.0,0.0,162.0,2.5,1040.0,676.0,28
concrete_compressive_strength_000001,61.887365759999994,540.0,0.0,0.0,162.0,2.5,1055.0,676.0,28
concrete_compressive_strength_000002,40.269535256000005,332.5,142.5,0.0,228.0,0.0,932.0,594.0,270
concrete_compressive_strength_000003,41.052779992,332.5,142.5,0.0,228.0,0.0,932.0,594.0,365
concrete_compressive_strength_000004,44.296075096,198.6,132.4,0.0,192.0,0.0,978.4,825.5,360
concrete_compressive_strength_000005,47.029847436000004,266.0,114.0,0.0,228.0,0.0,932.0,670.0,90
concrete_compressive_strength_000006,43.698299404,380.0,95.0,0.0,228.0,0.0,932.0,594.0,365
concrete_compressive_strength_000007,36.447769788,380.0,95.0,0.0,228.0,0.0,932.0,594.0,28
concrete_compressive_strength_000008,45.854290856,266.0,114.0,0.0,228.0,0.0,932.0,670.0,28
concrete_compressive_strength_000009,39.28978986,475.0,0.0,0.0,228.0,0.0,932.0,594.0,28
concrete_compressive_strength_000010,38.074243671999994,198.6,132.4,0.0,192.0,0.0,978.4,825.5,90
concrete_compressive_strength_000011,28.021683592,198.6,132.4,0.0,192.0,0.0,978.4,825.5,28
concrete_compressive_strength_000012,43.01296026,427.5,47.5,0.0,228.0,0.0,932.0,594.0,270
concrete_compressive_strength_000013,42.32693164,190.0,190.0,0.0,228.0,0.0,932.0,670.0,90
concrete_compressive_strength_000014,47.813781648,304.0,76.0,0.0,228.0,0.0,932.0,670.0,28
concrete_compressive_strength_000015,52.908319811999995,380.0,0.0,0.0,228.0,0.0,932.0,670.0,90
concrete_compressive_strength_000016,39.358047983999995,139.6,209.4,0.0,192.0,0.0,1047.0,806.9,90
concrete_compressive_strength_000017,56.141962252,342.0,38.0,0.0,228.0,0.0,932.0,670.0,365
concrete_compressive_strength_000018,40.563252031999994,380.0,95.0,0.0,228.0,0.0,932.0,594.0,90
concrete_compressive_strength_000019,42.620648416,475.0,0.0,0.0,228.0,0.0,932.0,594.0,180
concrete_compressive_strength_000020,41.836714203999996,427.5,47.5,0.0,228.0,0.0,932.0,594.0,180
concrete_compressive_strength_000021,28.23748958,139.6,209.4,0.0,192.0,0.0,1047.0,806.9,28
concrete_compressive_strength_000022,8.06342182,139.6,209.4,0.0,192.0,0.0,1047.0,806.9,3
concrete_compressive_strength_000023,44.207822168,139.6,209.4,0.0,192.0,0.0,1047.0,806.9,180
concrete_compressive_strength_000024,52.516697443999995,380.0,0.0,0.0,228.0,0.0,932.0,670.0,365
concrete_compressive_strength_000025,53.300631656,380.0,0.0,0.0,228.0,0.0,932.0,670.0,270
concrete_compressive_strength_000026,41.15137506,380.0,95.0,0.0,228.0,0.0,932.0,594.0,270
concrete_compressive_strength_000027,52.1243856,342.0,38.0,0.0,228.0,0.0,932.0,670.0,180
concrete_compressive_strength_000028,37.427515183999994,427.5,47.5,0.0,228.0,0.0,932.0,594.0,28
concrete_compressive_strength_000029,38.60376124,475.0,0.0,0.0,228.0,0.0,932.0,594.0,7
concrete_compressive_strength_000030,55.260122448,304.0,76.0,0.0,228.0,0.0,932.0,670.0,365
concrete_compressive_strength_000031,52.908319811999995,266.0,114.0,0.0,228.0,0.0,932.0,670.0,365
concrete_compressive_strength_000032,41.719503284,198.6,132.4,0.0,192.0,0.0,978.4,825.5,180
concrete_compressive_strength_000033,42.131120456,475.0,0.0,0.0,228.0,0.0,932.0,594.0,270
concrete_compressive_strength_000034,53.69225402399999,190.0,190.0,0.0,228.0,0.0,932.0,670.0,365
concrete_compressive_strength_000035,38.407950056000004,237.5,237.5,0.0,228.0,0.0,932.0,594.0,270
concrete_compressive_strength_000036,30.079769451999997,237.5,237.5,0.0,228.0,0.0,932.0,594.0,28
concrete_compressive_strength_000037,37.721921436,332.5,142.5,0.0,228.0,0.0,932.0,594.0,90
concrete_compressive_strength_000038,42.229026048,475.0,0.0,0.0,228.0,0.0,932.0,594.0,90
concrete_compressive_strength_000039,36.251958603999995,237.5,237.5,0.0,228.0,0.0,932.0,594.0,180
concrete_compressive_strength_000040,50.45930106,342.0,38.0,0.0,228.0,0.0,932.0,670.0,90
concrete_compressive_strength_000041,43.698299404,427.5,47.5,0.0,228.0,0.0,932.0,594.0,365
concrete_compressive_strength_000042,38.995383608,237.5,237.5,0.0,228.0,0.0,932.0,594.0,365
concrete_compressive_strength_000043,53.104130996,380.0,0.0,0.0,228.0,0.0,932.0,670.0,180
concrete_compressive_strength_000044,41.542997428,427.5,47.5,0.0,228.0,0.0,932.0,594.0,90
concrete_compressive_strength_000045,35.076402024,427.5,47.5,0.0,228.0,0.0,932.0,594.0,7
concrete_compressive_strength_000046,15.049192651999999,349.0,0.0,0.0,192.0,0.0,1047.0,806.9,3
concrete_compressive_strength_000047,40.759063216,380.0,95.0,0.0,228.0,0.0,932.0,594.0,180
concrete_compressive_strength_000048,26.258003984,237.5,237.5,0.0,228.0,0.0,932.0,594.0,7
concrete_compressive_strength_000049,32.823194456,380.0,95.0,0.0,228.0,0.0,932.0,594.0,7
concrete_compressive_strength_000050,39.779317819999996,332.5,142.5,0.0,228.0,0.0,932.0,594.0,180
concrete_compressive_strength_000051,46.931941843999994,190.0,190.0,0.0,228.0,0.0,932.0,670.0,180
concrete_compressive_strength_000052,33.116911232,237.5,237.5,0.0,228.0,0.0,932.0,594.0,90
concrete_compressive_strength_000053,49.185149411999994,304.0,76.0,0.0,228.0,0.0,932.0,670.0,90
concrete_compressive_strength_000054,14.589312159999999,139.6,209.4,0.0,192.0,0.0,1047.0,806.9,7
concrete_compressive_strength_000055,14.638264955999999,198.6,132.4,0.0,192.0,0.0,978.4,825.5,7
concrete_compressive_strength_000056,41.934619796,475.0,0.0,0.0,228.0,0.0,932.0,594.0,365
concrete_compressive_strength_000057,9.131420144,198.6,132.4,0.0,192.0,0.0,978.4,825.5,3
concrete_compressive_strength_000058,50.94882902,304.0,76.0,0.0,228.0,0.0,932.0,670.0,180
concrete_compressive_strength_000059,33.019005639999996,332.5,142.5,0.0,228.0,0.0,932.0,594.0,28
concrete_compressive_strength_000060,54.378282643999995,304.0,76.0,0.0,228.0,0.0,932.0,670.0,270
concrete_compressive_strength_000061,51.732763231999996,266.0,114.0,0.0,228.0,0.0,932.0,670.0,270
concrete_compressive_strength_000062,9.86640156,310.0,0.0,0.0,192.0,0.0,971.0,850.6,3
concrete_compressive_strength_000063,50.655112243999994,190.0,190.0,0.0,228.0,0.0,932.0,670.0,270
concrete_compressive_strength_000064,48.695621452,266.0,114.0,0.0,228.0,0.0,932.0,670.0,180
concrete_compressive_strength_000065,55.064311264,342.0,38.0,0.0,228.0,0.0,932.0,670.0,270
concrete_compressive_strength_000066,44.698039603999995,139.6,209.4,0.0,192.0,0.0,1047.0,806.9,360
concrete_compressive_strength_000067,30.275580636,332.5,142.5,0.0,228.0,0.0,932.0,594.0,7
concrete_compressive_strength_000068,40.856968808,190.0,190.0,0.0,228.0,0.0,932.0,670.0,28
concrete_compressive_strength_000069,71.98818916,485.0,0.0,0.0,146.0,0.0,1120.0,800.0,28
concrete_compressive_strength_000070,34.39795764,374.0,189.2,0.0,170.1,10.1,926.1,756.7,3
concrete_compressive_strength_000071,28.79941252,313.3,262.2,0.0,175.5,8.6,1046.9,611.8,3
concrete_compressive_strength_000072,33.398217439999996,425.0,106.3,0.0,153.5,16.5,852.1,887.1,3
concrete_compressive_strength_000073,36.3009114,425.0,106.3,0.0,151.4,18.6,936.0,803.7,3
concrete_compressive_strength_000074,28.99936056,375.0,93.8,0.0,126.6,23.4,852.1,992.6,3
concrete_compressive_strength_000075,37.79707432,475.0,118.8,0.0,181.1,8.9,852.1,781.5,3
concrete_compressive_strength_000076,40.1964508,469.0,117.2,0.0,137.8,32.2,852.1,840.5,3
concrete_compressive_strength_000077,33.398217439999996,425.0,106.3,0.0,153.5,16.5,852.1,887.1,3
concrete_compressive_strength_000078,28.096147,388.6,97.1,0.0,157.9,12.1,852.1,925.7,3
concrete_compressive_strength_000079,41.2996124,531.3,0.0,0.0,141.8,28.2,852.1,893.7,3
concrete_compressive_strength_000080,33.398217439999996,425.0,106.3,0.0,153.5,16.5,852.1,887.1,3
concrete_compressive_strength_000081,25.2003478,318.8,212.5,0.0,155.7,14.3,852.1,880.4,3
concrete_compressive_strength_000082,41.09966436,401.8,94.7,0.0,147.4,11.4,946.8,852.1,3
concrete_compressive_strength_000083,35.3011712,362.6,189.0,0.0,164.9,11.6,944.7,755.8,3
concrete_compressive_strength_000084,28.296095039999997,323.7,282.8,0.0,183.8,10.3,942.7,659.9,3
concrete_compressive_strength_000085,28.599464479999998,379.5,151.2,0.0,153.9,15.9,1134.3,605.0,3
concrete_compressive_strength_000086,35.3011712,362.6,189.0,0.0,164.9,11.6,944.7,755.8,3
concrete_compressive_strength_000087,24.40055564,286.3,200.9,0.0,144.7,11.2,1004.6,803.7,3
concrete_compressive_strength_000088,35.3011712,362.6,189.0,0.0,164.9,11.6,944.7,755.8,3
concrete_compressive_strength_000089,39.300132,439.0,177.0,0.0,186.0,11.1,884.9,707.9,3
concrete_compressive_strength_000090,40.59634688,389.9,189.0,0.0,145.9,22.0,944.7,755.8,3
concrete_compressive_strength_000091,35.3011712,362.6,189.0,0.0,164.9,11.6,944.7,755.8,3
concrete_compressive_strength_000092,24.0971862,337.9,189.0,0.0,174.9,9.5,944.7,755.8,3
concrete_compressive_strength_000093,46.20178676,374.0,189.2,0.0,170.1,10.1,926.1,756.7,7
concrete_compressive_strength_000094,42.79577532,313.3,262.2,0.0,175.5,8.6,1046.9,611.8,7
concrete_compressive_strength_000095,49.20100736,425.0,106.3,0.0,153.5,16.5,852.1,887.1,7
concrete_compressive_strength_000096,46.80163088,425.0,106.3,0.0,151.4,18.6,936.0,803.7,7
concrete_compressive_strength_000097,45.69846928,375.0,93.8,0.0,126.6,23.4,852.1,992.6,7
concrete_compressive_strength_000098,55.59934464,475.0,118.8,0.0,181.1,8.9,852.1,781.5,7
concrete_compressive_strength_000099,54.896079119999996,469.0,117.2,0.0,137.8,32.2,852.1,840.5,7
concrete_compressive_strength_000100,49.20100736,425.0,106.3,0.0,153.5,16.5,852.1,887.1,7
concrete_compressive_strength_000101,34.90127512,388.6,97.1,0.0,157.9,12.1,852.1,925.7,7
concrete_compressive_strength_000102,46.89815752,531.3,0.0,0.0,141.8,28.2,852.1,893.7,7
concrete_compressive_strength_000103,49.20100736,425.0,106.3,0.0,153.5,16.5,852.1,887.1,7
concrete_compressive_strength_000104,33.398217439999996,318.8,212.5,0.0,155.7,14.3,852.1,880.4,7
concrete_compressive_strength_000105,54.09628696,401.8,94.7,0.0,147.4,11.4,946.8,852.1,7
concrete_compressive_strength_000106,55.89581932,362.6,189.0,0.0,164.9,11.6,944.7,755.8,7
concrete_compressive_strength_000107,49.80085148,323.7,282.8,0.0,183.8,10.3,942.7,659.9,7
concrete_compressive_strength_000108,47.09810556,379.5,151.2,0.0,153.9,15.9,1134.3,605.0,7
concrete_compressive_strength_000109,55.89581932,362.6,189.0,0.0,164.9,11.6,944.7,755.8,7
concrete_compressive_strength_000110,37.997022359999995,286.3,200.9,0.0,144.7,11.2,1004.6,803.7,7
concrete_compressive_strength_000111,55.89581932,362.6,189.0,0.0,164.9,11.6,944.7,755.8,7
concrete_compressive_strength_000112,56.095767359999996,439.0,177.0,0.0,186.0,11.1,884.9,707.9,7
concrete_compressive_strength_000113,59.09498796,389.9,189.0,0.0,145.9,22.0,944.7,755.8,7
concrete_compressive_strength_000114,22.89749796,362.6,189.0,0.0,164.9,11.6,944.7,755.8,7
concrete_compressive_strength_000115,35.101223159999996,337.9,189.0,0.0,174.9,9.5,944.7,755.8,7
concrete_compressive_strength_000116,61.09446836,374.0,189.2,0.0,170.1,10.1,926.1,756.7,28
concrete_compressive_strength_000117,59.79825348,313.3,262.2,0.0,175.5,8.6,1046.9,611.8,28
concrete_compressive_strength_000118,60.2946762,425.0,106.3,0.0,153.5,16.5,852.1,887.1,28
concrete_compressive_strength_000119,61.797733879999996,425.0,106.3,0.0,151.4,18.6,936.0,803.7,28
concrete_compressive_strength_000120,56.69561148,375.0,93.8,0.0,126.6,23.4,852.1,992.6,28
concrete_compressive_strength_000121,68.29949256,475.0,118.8,0.0,181.1,8.9,852.1,781.5,28
concrete_compressive_strength_000122,66.89985628,469.0,117.2,0.0,137.8,32.2,852.1,840.5,28
concrete_compressive_strength_000123,60.2946762,425.0,106.3,0.0,153.5,16.5,852.1,887.1,28
concrete_compressive_strength_000124,50.69717028,388.6,97.1,0.0,157.9,12.1,852.1,925.7,28
concrete_compressive_strength_000125,56.3991368,531.3,0.0,0.0,141.8,28.2,852.1,893.7,28
concrete_compressive_strength_000126,60.2946762,425.0,106.3,0.0,153.5,16.5,852.1,887.1,28
concrete_compressive_strength_000127,55.495923239999996,318.8,212.5,0.0,155.7,14.3,852.1,880.4,28
concrete_compressive_strength_000128,68.4994406,401.8,94.7,0.0,147.4,11.4,946.8,852.1,28
concrete_compressive_strength_000129,71.29871315999999,362.6,189.0,0.0,164.9,11.6,944.7,755.8,28
concrete_compressive_strength_000130,74.69782984,323.7,282.8,0.0,183.8,10.3,942.7,659.9,28
concrete_compressive_strength_000131,52.20022796,379.5,151.2,0.0,153.9,15.9,1134.3,605.0,28
concrete_compressive_strength_000132,71.29871315999999,362.6,189.0,0.0,164.9,11.6,944.7,755.8,28
concrete_compressive_strength_000133,67.69964844,286.3,200.9,0.0,144.7,11.2,1004.6,803.7,28
concrete_compressive_strength_000134,71.29871315999999,362.6,189.0,0.0,164.9,11.6,944.7,755.8,28
concrete_compressive_strength_000135,65.99664272,439.0,177.0,0.0,186.0,11.1,884.9,707.9,28
concrete_compressive_strength_000136,74.4978818,389.9,189.0,0.0,145.9,22.0,944.7,755.8,28
concrete_compressive_strength_000137,71.29871315999999,362.6,189.0,0.0,164.9,11.6,944.7,755.8,28
concrete_compressive_strength_000138,49.89737812,337.9,189.0,0.0,174.9,9.5,944.7,755.8,28
concrete_compressive_strength_000139,63.3973182,374.0,189.2,0.0,170.1,10.1,926.1,756.7,56
concrete_compressive_strength_000140,64.90037588,313.3,262.2,0.0,175.5,8.6,1046.9,611.8,56
concrete_compressive_strength_000141,64.30053176,425.0,106.3,0.0,153.5,16.5,852.1,887.1,56
concrete_compressive_strength_000142,64.90037588,425.0,106.3,0.0,151.4,18.6,936.0,803.7,56
concrete_compressive_strength_000143,60.19814956,375.0,93.8,0.0,126.6,23.4,852.1,992.6,56
concrete_compressive_strength_000144,72.29845336,475.0,118.8,0.0,181.1,8.9,852.1,781.5,56
concrete_compressive_strength_000145,69.29923276,469.0,117.2,0.0,137.8,32.2,852.1,840.5,56
concrete_compressive_strength_000146,64.30053176,425.0,106.3,0.0,153.5,16.5,852.1,887.1,56
concrete_compressive_strength_000147,55.19944856,388.6,97.1,0.0,157.9,12.1,852.1,925.7,56
concrete_compressive_strength_000148,58.798513279999995,531.3,0.0,0.0,141.8,28.2,852.1,893.7,56
concrete_compressive_strength_000149,64.30053176,425.0,106.3,0.0,153.5,16.5,852.1,887.1,56
concrete_compressive_strength_000150,66.10006412,318.8,212.5,0.0,155.7,14.3,852.1,880.4,56
concrete_compressive_strength_000151,73.69808963999999,401.8,94.7,0.0,147.4,11.4,946.8,852.1,56
concrete_compressive_strength_000152,77.29715436,362.6,189.0,0.0,164.9,11.6,944.7,755.8,56
concrete_compressive_strength_000153,80.19984832,323.7,282.8,0.0,183.8,10.3,942.7,659.9,56
concrete_compressive_strength_000154,54.896079119999996,379.5,151.2,0.0,153.9,15.9,1134.3,605.0,56
concrete_compressive_strength_000155,77.29715436,362.6,189.0,0.0,164.9,11.6,944.7,755.8,56
concrete_compressive_strength_000156,72.99482412,286.3,200.9,0.0,144.7,11.2,1004.6,803.7,56
concrete_compressive_strength_000157,77.29715436,362.6,189.0,0.0,164.9,11.6,944.7,755.8,56
concrete_compressive_strength_000158,71.69860924,439.0,177.0,0.0,186.0,11.1,884.9,707.9,56
concrete_compressive_strength_000159,79.40005615999999,389.9,189.0,0.0,145.9,22.0,944.7,755.8,56
concrete_compressive_strength_000160,77.29715436,362.6,189.0,0.0,164.9,11.6,944.7,755.8,56
concrete_compressive_strength_000161,59.89478012,337.9,189.0,0.0,174.9,9.5,944.7,755.8,56
concrete_compressive_strength_000162,64.90037588,374.0,189.2,0.0,170.1,10.1,926.1,756.7,91
concrete_compressive_strength_000163,66.59648684,313.3,262.2,0.0,175.5,8.6,1046.9,611.8,91
concrete_compressive_strength_000164,65.19685056,425.0,106.3,0.0,153.5,16.5,852.1,887.1,91
concrete_compressive_strength_000165,66.69990824,425.0,106.3,0.0,151.4,18.6,936.0,803.7,91
concrete_compressive_strength_000166,62.5009994,375.0,93.8,0.0,126.6,23.4,852.1,992.6,91
concrete_compressive_strength_000167,74.19451236,475.0,118.8,0.0,181.1,8.9,852.1,781.5,91
concrete_compressive_strength_000168,70.69886903999999,469.0,117.2,0.0,137.8,32.2,852.1,840.5,91
concrete_compressive_strength_000169,65.19685056,425.0,106.3,0.0,153.5,16.5,852.1,887.1,91
concrete_compressive_strength_000170,57.59882504,388.6,97.1,0.0,157.9,12.1,852.1,925.7,91
concrete_compressive_strength_000171,59.19840936,531.3,0.0,0.0,141.8,28.2,852.1,893.7,91
concrete_compressive_strength_000172,65.19685056,425.0,106.3,0.0,153.5,16.5,852.1,887.1,91
concrete_compressive_strength_000173,68.09954452,318.8,212.5,0.0,155.7,14.3,852.1,880.4,91
concrete_compressive_strength_000174,75.49762199999999,401.8,94.7,0.0,147.4,11.4,946.8,852.1,91
concrete_compressive_strength_000175,79.29663476,362.6,189.0,0.0,164.9,11.6,944.7,755.8,91
concrete_compressive_strength_000176,56.49566344,379.5,151.2,0.0,153.9,15.9,1134.3,605.0,91
concrete_compressive_strength_000177,79.29663476,362.6,189.0,0.0,164.9,11.6,944.7,755.8,91
concrete_compressive_strength_000178,76.80073164,286.3,200.9,0.0,144.7,11.2,1004.6,803.7,91
concrete_compressive_strength_000179,79.29663476,362.6,189.0,0.0,164.9,11.6,944.7,755.8,91
concrete_compressive_strength_000180,73.29819356,439.0,177.0,0.0,186.0,11.1,884.9,707.9,91
concrete_compressive_strength_000181,82.5992248,389.9,189.0,0.0,145.9,22.0,944.7,755.8,91
concrete_compressive_strength_000182,79.29663476,362.6,189.0,0.0,164.9,11.6,944.7,755.8,91
concrete_compressive_strength_000183,67.79617508,337.9,189.0,0.0,174.9,9.5,944.7,755.8,91
concrete_compressive_strength_000184,11.57630204,222.36,0.0,96.67,189.29,4.46,967.08,870.32,3
concrete_compressive_strength_000185,24.44881896,222.36,0.0,96.67,189.29,4.46,967.08,870.32,14
concrete_compressive_strength_000186,24.8900836,222.36,0.0,96.67,189.29,4.46,967.08,870.32,28
concrete_compressive_strength_000187,29.447519959999997,222.36,0.0,96.67,189.29,4.46,967.08,870.32,56
concrete_compressive_strength_000188,40.7135578,222.36,0.0,96.67,189.29,4.46,967.08,870.32,100
concrete_compressive_strength_000189,10.38350856,233.81,0.0,94.58,197.89,4.567,947.04,852.16,3
concrete_compressive_strength_000190,22.13907436,233.81,0.0,94.58,197.89,4.567,947.04,852.16,14
concrete_compressive_strength_000191,22.83544512,233.81,0.0,94.58,197.89,4.567,947.04,852.16,28
concrete_compressive_strength_000192,27.66177712,233.81,0.0,94.58,197.89,4.567,947.04,852.16,56
concrete_compressive_strength_000193,34.55653712,233.81,0.0,94.58,197.89,4.567,947.04,852.16,100
concrete_compressive_strength_000194,12.45193656,194.68,0.0,100.52,165.62,7.48,1006.4,905.9,3
concrete_compressive_strength_000195,24.986610239999997,194.68,0.0,100.52,165.62,7.48,1006.4,905.9,14
concrete_compressive_strength_000196,25.72434956,194.68,0.0,100.52,165.62,7.48,1006.4,905.9,28
concrete_compressive_strength_000197,33.963587759999996,194.68,0.0,100.52,165.62,7.48,1006.4,905.9,56
concrete_compressive_strength_000198,37.34202016,194.68,0.0,100.52,165.62,7.48,1006.4,905.9,100
concrete_compressive_strength_000199,15.04436632,190.68,0.0,125.4,162.14,7.77,1090.0,804.01,3
concrete_compressive_strength_000200,21.063491799999998,190.68,0.0,125.4,162.14,7.77,1090.0,804.01,14
concrete_compressive_strength_000201,26.40003604,190.68,0.0,125.4,162.14,7.77,1090.0,804.01,28
concrete_compressive_strength_000202,35.34253976,190.68,0.0,125.4,162.14,7.77,1090.0,804.01,56
concrete_compressive_strength_000203,40.56876784,190.68,0.0,125.4,162.14,7.77,1090.0,804.01,100
concrete_compressive_strength_000204,12.47262084,212.07,0.0,121.62,180.31,5.69,1057.6,779.32,3
concrete_compressive_strength_000205,20.91870184,212.07,0.0,121.62,180.31,5.69,1057.6,779.32,14
concrete_compressive_strength_000206,24.90387312,212.07,0.0,121.62,180.31,5.69,1057.6,779.32,28
concrete_compressive_strength_000207,34.20490436,212.07,0.0,121.62,180.31,5.69,1057.6,779.32,56
concrete_compressive_strength_000208,39.6103962,212.07,0.0,121.62,180.31,5.69,1057.6,779.32,100
concrete_compressive_strength_000209,10.0318758,229.97,0.0,118.31,195.47,4.63,1029.4,758.59,3
concrete_compressive_strength_000210,20.08443588,229.97,0.0,118.31,195.47,4.63,1029.4,758.59,14
concrete_compressive_strength_000211,24.483292759999998,229.97,0.0,118.31,195.47,4.63,1029.4,758.59,28
concrete_compressive_strength_000212,31.53663224,229.97,0.0,118.31,195.47,4.63,1029.4,758.59,56
concrete_compressive_strength_000213,35.34253976,229.97,0.0,118.31,195.47,4.63,1029.4,758.59,100
concrete_compressive_strength_000214,9.4458212,190.34,0.0,125.18,161.85,9.88,1088.1,802.59,3
concrete_compressive_strength_000215,22.718234199999998,190.34,0.0,125.18,161.85,9.88,1088.1,802.59,14
concrete_compressive_strength_000216,28.46846404,190.34,0.0,125.18,161.85,9.88,1088.1,802.59,28
concrete_compressive_strength_000217,38.56239268,190.34,0.0,125.18,161.85,9.88,1088.1,802.59,56
concrete_compressive_strength_000218,40.38950408,190.34,0.0,125.18,161.85,9.88,1088.1,802.59,100
concrete_compressive_strength_000219,10.76272036,166.09,0.0,163.27,176.46,4.49,1058.6,780.09,3
concrete_compressive_strength_000220,25.48303296,166.09,0.0,163.27,176.46,4.49,1058.6,780.09,14
concrete_compressive_strength_000221,21.53923024,166.09,0.0,163.27,176.46,4.49,1058.6,780.09,28
concrete_compressive_strength_000222,28.62704352,166.09,0.0,163.27,176.46,4.49,1058.6,780.09,56
concrete_compressive_strength_000223,33.5430074,166.09,0.0,163.27,176.46,4.49,1058.6,780.09,100
concrete_compressive_strength_000224,7.74971024,167.95,42.08,163.83,121.75,5.72,1058.7,780.11,3
concrete_compressive_strength_000225,17.8229546,167.95,42.08,163.83,121.75,5.72,1058.7,780.11,14
concrete_compressive_strength_000226,24.24197616,167.95,42.08,163.83,121.75,5.72,1058.7,780.11,28
concrete_compressive_strength_000227,32.8535314,167.95,42.08,163.83,121.75,5.72,1058.7,780.11,56
concrete_compressive_strength_000228,39.2311844,167.95,42.08,163.83,121.75,5.72,1058.7,780.11,100
concrete_compressive_strength_000229,17.9953236,213.72,98.05,24.51,181.71,6.86,1065.8,785.38,3
concrete_compressive_strength_000230,30.38520732,213.72,98.05,24.51,181.71,6.86,1065.8,785.38,14
concrete_compressive_strength_000231,45.70536404,213.72,98.05,24.51,181.71,6.86,1065.8,785.38,28
concrete_compressive_strength_000232,50.77301264,213.72,98.05,24.51,181.71,6.86,1065.8,785.38,56
concrete_compressive_strength_000233,53.90323368,213.72,98.05,24.51,181.71,6.86,1065.8,785.38,100
concrete_compressive_strength_000234,13.18278112,213.76,98.06,24.52,181.74,6.65,1066.0,785.52,3
concrete_compressive_strength_000235,17.83674412,213.76,98.06,24.52,181.74,6.65,1066.0,785.52,14
concrete_compressive_strength_000236,40.2309246,213.76,98.06,24.52,181.74,6.65,1066.0,785.52,28
concrete_compressive_strength_000237,47.13257936,213.76,98.06,24.52,181.74,6.65,1066.0,785.52,56
concrete_compressive_strength_000238,49.973220479999995,213.76,98.06,24.52,181.74,6.65,1066.0,785.52,100
concrete_compressive_strength_000239,13.35515012,229.68,0.0,118.16,195.23,6.13,1028.1,757.63,3
concrete_compressive_strength_000240,22.31833812,229.68,0.0,118.16,195.23,6.13,1028.1,757.63,14
concrete_compressive_strength_000241,24.53845084,229.68,0.0,118.16,195.23,6.13,1028.1,757.63,28
concrete_compressive_strength_000242,31.35047372,229.68,0.0,118.16,195.23,6.13,1028.1,757.63,56
concrete_compressive_strength_000243,40.85834776,229.68,0.0,118.16,195.23,6.13,1028.1,757.63,100
concrete_compressive_strength_000244,19.93275116,238.05,0.0,94.11,186.66,7.0,949.91,847.01,3
concrete_compressive_strength_000245,25.68987576,238.05,0.0,94.11,186.66,7.0,949.91,847.01,14
concrete_compressive_strength_000246,30.2335226,238.05,0.0,94.11,186.66,7.0,949.91,847.01,28
concrete_compressive_strength_000247,39.58971192,238.05,0.0,94.11,186.66,7.0,949.91,847.01,56
concrete_compressive_strength_000248,44.298833,238.05,0.0,94.11,186.66,7.0,949.91,847.01,100
concrete_compressive_strength_000249,13.817099039999999,250.0,0.0,95.69,187.42,5.53,956.86,861.17,3
concrete_compressive_strength_000250,24.91766264,250.0,0.0,95.69,187.42,5.53,956.86,861.17,14
concrete_compressive_strength_000251,29.21999288,250.0,0.0,95.69,187.42,5.53,956.86,861.17,28
concrete_compressive_strength_000252,38.32797084,250.0,0.0,95.69,187.42,5.53,956.86,861.17,56
concrete_compressive_strength_000253,42.347615919999996,250.0,0.0,95.69,187.42,5.53,956.86,861.17,100
concrete_compressive_strength_000254,13.54130864,212.52,0.0,100.37,159.32,8.71,1007.8,903.59,3
concrete_compressive_strength_000255,26.310404159999997,212.52,0.0,100.37,159.32,8.71,1007.8,903.59,14
concrete_compressive_strength_000256,31.640053639999998,212.52,0.0,100.37,159.32,8.71,1007.8,903.59,28
concrete_compressive_strength_000257,42.54756396,212.52,0.0,100.37,159.32,8.71,1007.8,903.59,56
concrete_compressive_strength_000258,42.919881,212.52,0.0,100.37,159.32,8.71,1007.8,903.59,100
concrete_compressive_strength_000259,13.33446584,212.57,0.0,100.39,159.35,10.37,1003.8,903.79,3
concrete_compressive_strength_000260,25.3727168,212.57,0.0,100.39,159.35,10.37,1003.8,903.79,14
concrete_compressive_strength_000261,37.404073,212.57,0.0,100.39,159.35,10.37,1003.8,903.79,28
concrete_compressive_strength_000262,44.395359639999995,212.57,0.0,100.39,159.35,10.37,1003.8,903.79,56
concrete_compressive_strength_000263,47.739318239999996,212.57,0.0,100.39,159.35,10.37,1003.8,903.79,100
concrete_compressive_strength_000264,19.519065559999998,212.0,0.0,124.78,159.0,7.84,1085.4,799.54,3
concrete_compressive_strength_000265,31.35047372,212.0,0.0,124.78,159.0,7.84,1085.4,799.54,14
concrete_compressive_strength_000266,38.500339839999995,212.0,0.0,124.78,159.0,7.84,1085.4,799.54,28
concrete_compressive_strength_000267,45.08483564,212.0,0.0,124.78,159.0,7.84,1085.4,799.54,56
concrete_compressive_strength_000268,47.8151606,212.0,0.0,124.78,159.0,7.84,1085.4,799.54,100
concrete_compressive_strength_000269,15.43736764,231.75,0.0,121.62,173.96,6.72,1056.4,778.45,3
concrete_compressive_strength_000270,26.77235308,231.75,0.0,121.62,173.96,6.72,1056.4,778.45,14
concrete_compressive_strength_000271,33.72916592,231.75,0.0,121.62,173.96,6.72,1056.4,778.45,28
concrete_compressive_strength_000272,42.69924868,231.75,0.0,121.62,173.96,6.72,1056.4,778.45,56
concrete_compressive_strength_000273,45.83636448,231.75,0.0,121.62,173.96,6.72,1056.4,778.45,100
concrete_compressive_strength_000274,17.22311048,251.37,0.0,118.27,188.45,5.75,1028.4,757.73,3
concrete_compressive_strength_000275,29.93015316,251.37,0.0,118.27,188.45,5.75,1028.4,757.73,14
concrete_compressive_strength_000276,29.654362759999998,251.37,0.0,118.27,188.45,5.75,1028.4,757.73,28
concrete_compressive_strength_000277,36.96970312,251.37,0.0,118.27,188.45,5.75,1028.4,757.73,56
concrete_compressive_strength_000278,43.58177796,251.37,0.0,118.27,188.45,5.75,1028.4,757.73,100
concrete_compressive_strength_000279,13.12072828,251.37,0.0,118.27,188.45,6.35,1028.4,757.73,3
concrete_compressive_strength_000280,24.42813468,251.37,0.0,118.27,188.45,6.35,1028.4,757.73,14
concrete_compressive_strength_000281,32.66047812,251.37,0.0,118.27,188.45,6.35,1028.4,757.73,28
concrete_compressive_strength_000282,36.63875464,251.37,0.0,118.27,188.45,6.35,1028.4,757.73,56
concrete_compressive_strength_000283,44.209201119999996,251.37,0.0,118.27,188.45,6.35,1028.4,757.73,100
concrete_compressive_strength_000284,13.62404576,181.38,0.0,167.01,169.59,7.56,1055.6,777.8,3
concrete_compressive_strength_000285,21.601283079999998,181.38,0.0,167.01,169.59,7.56,1055.6,777.8,14
concrete_compressive_strength_000286,27.77209328,181.38,0.0,167.01,169.59,7.56,1055.6,777.8,28
concrete_compressive_strength_000287,35.570066839999996,181.38,0.0,167.01,169.59,7.56,1055.6,777.8,56
concrete_compressive_strength_000288,45.3675208,181.38,0.0,167.01,169.59,7.56,1055.6,777.8,100
concrete_compressive_strength_000289,7.3153403599999995,182.04,45.21,121.97,170.21,8.19,1059.4,780.65,3
concrete_compressive_strength_000290,21.504756439999998,182.04,45.21,121.97,170.21,8.19,1059.4,780.65,14
concrete_compressive_strength_000291,31.2677366,182.04,45.21,121.97,170.21,8.19,1059.4,780.65,28
concrete_compressive_strength_000292,43.49904084,182.04,45.21,121.97,170.21,8.19,1059.4,780.65,56
concrete_compressive_strength_000293,48.67011084,182.04,45.21,121.97,170.21,8.19,1059.4,780.65,100
concrete_compressive_strength_000294,7.3980774799999995,168.88,42.22,124.25,158.33,10.83,1080.8,796.15,3
concrete_compressive_strength_000295,23.5111316,168.88,42.22,124.25,158.33,10.83,1080.8,796.15,14
concrete_compressive_strength_000296,31.11605188,168.88,42.22,124.25,158.33,10.83,1080.8,796.15,28
concrete_compressive_strength_000297,39.14844728,168.88,42.22,124.25,158.33,10.83,1080.8,796.15,56
concrete_compressive_strength_000298,48.15300384,168.88,42.22,124.25,158.33,10.83,1080.8,796.15,100
concrete_compressive_strength_000299,22.50449664,290.35,0.0,96.18,168.08,9.41,961.18,865.0,3
concrete_compressive_strength_000300,34.67374804,290.35,0.0,96.18,168.08,9.41,961.18,865.0,14
concrete_compressive_strength_000301,34.73580088,290.35,0.0,96.18,168.08,9.41,961.18,865.0,28
concrete_compressive_strength_000302,45.08483564,290.35,0.0,96.18,168.08,9.41,961.18,865.0,56
concrete_compressive_strength_000303,48.97348028,290.35,0.0,96.18,168.08,9.41,961.18,865.0,100
concrete_compressive_strength_000304,23.13881456,277.05,0.0,97.39,160.6,11.83,973.9,875.61,3
concrete_compressive_strength_000305,41.885667,277.05,0.0,97.39,160.6,11.83,973.9,875.61,14
concrete_compressive_strength_000306,48.28400428,277.05,0.0,97.39,160.6,11.83,973.9,875.61,28
concrete_compressive_strength_000307,51.03501352,277.05,0.0,97.39,160.6,11.83,973.9,875.61,56
concrete_compressive_strength_000308,55.6407132,277.05,0.0,97.39,160.6,11.83,973.9,875.61,100
concrete_compressive_strength_000309,22.94576128,295.71,0.0,95.64,171.54,8.87,955.14,859.2,3
concrete_compressive_strength_000310,35.2322236,295.71,0.0,95.64,171.54,8.87,955.14,859.2,14
concrete_compressive_strength_000311,39.94134468,295.71,0.0,95.64,171.54,8.87,955.14,859.2,28
concrete_compressive_strength_000312,48.718374159999996,295.71,0.0,95.64,171.54,8.87,955.14,859.2,56
concrete_compressive_strength_000313,52.04164848,295.71,0.0,95.64,171.54,8.87,955.14,859.2,100
concrete_compressive_strength_000314,21.02212324,251.81,0.0,99.94,146.14,12.35,1006.0,899.76,3
concrete_compressive_strength_000315,33.35684888,251.81,0.0,99.94,146.14,12.35,1006.0,899.76,14
concrete_compressive_strength_000316,33.94290348,251.81,0.0,99.94,146.14,12.35,1006.0,899.76,28
concrete_compressive_strength_000317,44.14025352,251.81,0.0,99.94,146.14,12.35,1006.0,899.76,56
concrete_compressive_strength_000318,45.3675208,251.81,0.0,99.94,146.14,12.35,1006.0,899.76,100
concrete_compressive_strength_000319,15.361525279999999,249.1,0.0,98.75,158.11,12.8,987.76,889.01,3
concrete_compressive_strength_000320,28.6822016,249.1,0.0,98.75,158.11,12.8,987.76,889.01,14
concrete_compressive_strength_000321,30.84715624,249.1,0.0,98.75,158.11,12.8,987.76,889.01,28
concrete_compressive_strength_000322,42.030456959999995,249.1,0.0,98.75,158.11,12.8,987.76,889.01,56
concrete_compressive_strength_000323,51.0556978,249.1,0.0,98.75,158.11,12.8,987.76,889.01,100
concrete_compressive_strength_000324,21.78054684,252.31,0.0,98.75,146.25,14.17,987.76,889.01,3
concrete_compressive_strength_000325,42.29245784,252.31,0.0,98.75,146.25,14.17,987.76,889.01,14
concrete_compressive_strength_000326,50.60064364,252.31,0.0,98.75,146.25,14.17,987.76,889.01,28
concrete_compressive_strength_000327,55.82687172,252.31,0.0,98.75,146.25,14.17,987.76,889.01,56
concrete_compressive_strength_000328,60.949678399999996,252.31,0.0,98.75,146.25,14.17,987.76,889.01,100
concrete_compressive_strength_000329,23.52492112,246.83,0.0,125.08,143.3,11.99,1086.8,800.89,3
concrete_compressive_strength_000330,42.21661548,246.83,0.0,125.08,143.3,11.99,1086.8,800.89,14
concrete_compressive_strength_000331,52.5035974,246.83,0.0,125.08,143.3,11.99,1086.8,800.89,28
concrete_compressive_strength_000332,60.32225524,246.83,0.0,125.08,143.3,11.99,1086.8,800.89,56
concrete_compressive_strength_000333,66.42411784,246.83,0.0,125.08,143.3,11.99,1086.8,800.89,100
concrete_compressive_strength_000334,23.80071152,275.07,0.0,121.35,159.48,9.9,1053.6,777.5,3
concrete_compressive_strength_000335,38.76923548,275.07,0.0,121.35,159.48,9.9,1053.6,777.5,14
concrete_compressive_strength_000336,51.331488199999995,275.07,0.0,121.35,159.48,9.9,1053.6,777.5,28
concrete_compressive_strength_000337,56.847296199999995,275.07,0.0,121.35,159.48,9.9,1053.6,777.5,56
concrete_compressive_strength_000338,58.60546,275.07,0.0,121.35,159.48,9.9,1053.6,777.5,100
concrete_compressive_strength_000339,21.91154728,297.16,0.0,117.54,174.8,9.52,1022.8,753.45,3
concrete_compressive_strength_000340,36.990387399999996,297.16,0.0,117.54,174.8,9.52,1022.8,753.45,14
concrete_compressive_strength_000341,47.401475,297.16,0.0,117.54,174.8,9.52,1022.8,753.45,28
concrete_compressive_strength_000342,51.95891136,297.16,0.0,117.54,174.8,9.52,1022.8,753.45,56
concrete_compressive_strength_000343,56.7438748,297.16,0.0,117.54,174.8,9.52,1022.8,753.45,100
concrete_compressive_strength_000344,17.57474324,213.74,0.0,174.74,154.79,10.16,1053.5,776.35,3
concrete_compressive_strength_000345,33.72916592,213.74,0.0,174.74,154.79,10.16,1053.5,776.35,14
concrete_compressive_strength_000346,40.14818748,213.74,0.0,174.74,154.79,10.16,1053.5,776.35,28
concrete_compressive_strength_000347,46.6430514,213.74,0.0,174.74,154.79,10.16,1053.5,776.35,56
concrete_compressive_strength_000348,50.07664188,213.74,0.0,174.74,154.79,10.16,1053.5,776.35,100
concrete_compressive_strength_000349,17.36790044,213.5,0.0,174.24,154.61,11.66,1052.3,775.48,3
concrete_compressive_strength_000350,33.70158688,213.5,0.0,174.24,154.61,11.66,1052.3,775.48,14
concrete_compressive_strength_000351,45.939785879999995,213.5,0.0,174.24,154.61,11.66,1052.3,775.48,28
concrete_compressive_strength_000352,51.4349096,213.5,0.0,174.24,154.61,11.66,1052.3,775.48,56
concrete_compressive_strength_000353,59.30183076,213.5,0.0,174.24,154.61,11.66,1052.3,775.48,100
concrete_compressive_strength_000354,30.44726016,277.19,97.82,24.46,160.7,11.19,1061.7,782.46,3
concrete_compressive_strength_000355,47.7117392,277.19,97.82,24.46,160.7,11.19,1061.7,782.46,14
concrete_compressive_strength_000356,63.14221208,277.19,97.82,24.46,160.7,11.19,1061.7,782.46,28
concrete_compressive_strength_000357,66.82401392,277.19,97.82,24.46,160.7,11.19,1061.7,782.46,56
concrete_compressive_strength_000358,66.9481196,277.19,97.82,24.46,160.7,11.19,1061.7,782.46,100
concrete_compressive_strength_000359,27.42046052,218.23,54.64,123.78,140.75,11.91,1075.7,792.67,3
concrete_compressive_strength_000360,35.9561734,218.23,54.64,123.78,140.75,11.91,1075.7,792.67,14
concrete_compressive_strength_000361,55.50971276,218.23,54.64,123.78,140.75,11.91,1075.7,792.67,28
concrete_compressive_strength_000362,61.99078716,218.23,54.64,123.78,140.75,11.91,1075.7,792.67,56
concrete_compressive_strength_000363,63.528318639999995,218.23,54.64,123.78,140.75,11.91,1075.7,792.67,100
concrete_compressive_strength_000364,18.01600788,214.9,53.8,121.89,155.63,9.61,1014.3,780.58,3
concrete_compressive_strength_000365,38.60376124,214.9,53.8,121.89,155.63,9.61,1014.3,780.58,14
concrete_compressive_strength_000366,52.20022796,214.9,53.8,121.89,155.63,9.61,1014.3,780.58,28
concrete_compressive_strength_000367,53.95839176,214.9,53.8,121.89,155.63,9.61,1014.3,780.58,56
concrete_compressive_strength_000368,56.63355864,214.9,53.8,121.89,155.63,9.61,1014.3,780.58,100
concrete_compressive_strength_000369,15.340841,218.85,0.0,124.13,158.49,11.33,1078.7,794.91,3
concrete_compressive_strength_000370,26.04840328,218.85,0.0,124.13,158.49,11.33,1078.7,794.91,14
concrete_compressive_strength_000371,30.219733079999997,218.85,0.0,124.13,158.49,11.33,1078.7,794.91,28
concrete_compressive_strength_000372,37.2661778,218.85,0.0,124.13,158.49,11.33,1078.7,794.91,56
concrete_compressive_strength_000373,46.2293658,218.85,0.0,124.13,158.49,11.33,1078.7,794.91,100
concrete_compressive_strength_000374,16.27852836,376.0,0.0,0.0,214.6,0.0,1003.5,762.36,3
concrete_compressive_strength_000375,25.62092816,376.0,0.0,0.0,214.6,0.0,1003.5,762.36,14
concrete_compressive_strength_000376,31.971002119999998,376.0,0.0,0.0,214.6,0.0,1003.5,762.36,28
concrete_compressive_strength_000377,36.3009114,376.0,0.0,0.0,214.6,0.0,1003.5,762.36,56
concrete_compressive_strength_000378,43.0577762,376.0,0.0,0.0,214.6,0.0,1003.5,762.36,100
concrete_compressive_strength_000379,67.568648,500.0,0.0,0.0,140.0,4.0,966.0,853.0,28
concrete_compressive_strength_000380,57.226507999999995,475.0,0.0,59.0,142.0,1.9,1098.0,641.0,28
concrete_compressive_strength_000381,81.75116932,315.0,137.0,0.0,145.0,5.9,1130.0,745.0,28
concrete_compressive_strength_000382,64.0178466,505.0,0.0,60.0,195.0,0.0,1030.0,630.0,28
concrete_compressive_strength_000383,78.80021203999999,451.0,0.0,0.0,165.0,11.25,1030.0,745.0,28
concrete_compressive_strength_000384,41.36856,516.0,0.0,0.0,162.0,8.2,801.0,802.0,28
concrete_compressive_strength_000385,60.280886679999995,520.0,0.0,0.0,170.0,5.2,855.0,855.0,28
concrete_compressive_strength_000386,56.83350668,528.0,0.0,0.0,185.0,6.86,920.0,720.0,28
concrete_compressive_strength_000387,51.021224,520.0,0.0,0.0,175.0,5.2,870.0,805.0,28
concrete_compressive_strength_000388,55.55108132,385.0,0.0,136.0,158.0,20.0,903.0,768.0,28
concrete_compressive_strength_000389,44.13335876,500.1,0.0,0.0,200.0,3.0,1124.4,613.2,28
concrete_compressive_strength_000390,39.37597436,450.1,50.0,0.0,200.0,3.0,1124.4,613.2,28
concrete_compressive_strength_000391,55.647607959999995,397.0,17.2,158.0,167.0,20.8,967.0,633.0,28
concrete_compressive_strength_000392,47.27736932,333.0,17.5,163.0,167.0,17.9,996.0,652.0,28
concrete_compressive_strength_000393,44.32641204,334.0,17.6,158.0,189.0,15.3,967.0,633.0,28
concrete_compressive_strength_000394,52.30364936,405.0,0.0,0.0,175.0,0.0,1120.0,695.0,28
concrete_compressive_strength_000395,49.249270679999995,200.0,200.0,0.0,190.0,0.0,1145.0,660.0,28
concrete_compressive_strength_000396,41.36856,516.0,0.0,0.0,162.0,8.26,801.0,802.0,28
concrete_compressive_strength_000397,29.15794004,145.0,116.0,119.0,184.0,5.7,833.0,880.0,28
concrete_compressive_strength_000398,39.39665864,160.0,128.0,122.0,182.0,6.4,824.0,879.0,28
concrete_compressive_strength_000399,39.300132,234.0,156.0,0.0,189.0,5.85,981.0,760.0,28
concrete_compressive_strength_000400,67.86512268,250.0,180.0,95.0,159.0,9.45,860.0,800.0,28
concrete_compressive_strength_000401,58.522722879999996,475.0,0.0,0.0,162.0,9.5,1044.0,662.0,28
concrete_compressive_strength_000402,53.57917996,285.0,190.0,0.0,163.0,7.6,1031.0,685.0,28
concrete_compressive_strength_000403,58.99846132,356.0,119.0,0.0,160.0,9.03,1061.0,657.0,28
concrete_compressive_strength_000404,76.23536132,275.0,180.0,120.0,162.0,10.35,830.0,765.0,28
concrete_compressive_strength_000405,69.83702404,500.0,0.0,0.0,151.0,9.0,1033.0,655.0,28
concrete_compressive_strength_000406,14.39625888,165.0,0.02,143.57,163.81,0.0,1005.6,900.9,3
concrete_compressive_strength_000407,19.41564416,165.0,128.5,132.1,175.06,8.08,1005.8,746.6,3
concrete_compressive_strength_000408,20.72564856,178.03,129.8,118.6,179.94,3.57,1007.3,746.8,3
concrete_compressive_strength_000409,14.94094492,167.35,129.9,128.62,175.46,7.79,1006.3,746.6,3
concrete_compressive_strength_000410,21.29101888,172.38,13.61,172.37,156.76,4.14,1006.3,856.4,3
concrete_compressive_strength_000411,23.07676172,173.54,50.05,173.53,164.77,6.47,1006.2,793.5,3
concrete_compressive_strength_000412,15.520104759999999,167.0,75.4,167.0,164.03,7.91,1007.3,770.1,3
concrete_compressive_strength_000413,15.81657944,173.81,93.37,159.9,172.34,9.73,1007.2,746.6,3
concrete_compressive_strength_000414,12.5484632,190.34,0.0,125.18,166.61,9.88,1079.0,798.9,3
concrete_compressive_strength_000415,8.48744956,250.0,0.0,95.69,191.84,5.33,948.9,857.2,3
concrete_compressive_strength_000416,15.60973664,213.5,0.0,174.24,159.21,11.66,1043.6,771.9,3
concrete_compressive_strength_000417,12.17614616,194.68,0.0,100.52,170.17,7.48,998.0,901.8,3
concrete_compressive_strength_000418,11.98309288,251.37,0.0,118.27,192.94,5.75,1043.6,754.3,3
concrete_compressive_strength_000419,16.87837248,165.0,0.02,143.57,163.81,0.0,1005.6,900.9,14
concrete_compressive_strength_000420,33.08795324,165.0,128.5,132.1,175.06,8.08,1005.8,746.6,14
concrete_compressive_strength_000421,34.23937816,178.03,129.8,118.6,179.94,3.57,1007.3,746.8,14
concrete_compressive_strength_000422,31.812422639999998,167.35,129.9,128.62,175.46,7.79,1006.3,746.6,14
concrete_compressive_strength_000423,29.7508894,172.38,13.61,172.37,156.76,4.14,1006.3,856.4,14
concrete_compressive_strength_000424,33.00521612,173.54,50.05,173.53,164.77,6.47,1006.2,793.5,14
concrete_compressive_strength_000425,32.90179472,167.0,75.4,167.0,164.03,7.91,1007.3,770.1,14
concrete_compressive_strength_000426,29.55094136,173.81,93.37,159.9,172.34,9.73,1007.2,746.6,14
concrete_compressive_strength_000427,19.41564416,190.34,0.0,125.18,166.61,9.88,1079.0,798.9,14
concrete_compressive_strength_000428,24.65566176,250.0,0.0,95.69,191.84,5.33,948.9,857.2,14
concrete_compressive_strength_000429,29.592309919999998,213.5,0.0,174.24,159.21,11.66,1043.6,771.9,14
concrete_compressive_strength_000430,24.28334472,194.68,0.0,100.52,170.17,7.48,998.0,901.8,14
concrete_compressive_strength_000431,20.72564856,251.37,0.0,118.27,192.94,5.75,1043.6,754.3,14
concrete_compressive_strength_000432,26.200088,165.0,0.02,143.57,163.81,0.0,1005.6,900.9,28
concrete_compressive_strength_000433,46.38794528,165.0,128.5,132.1,175.06,8.08,1005.8,746.6,28
concrete_compressive_strength_000434,39.1622368,178.03,129.8,118.6,179.94,3.57,1007.3,746.8,28
concrete_compressive_strength_000435,41.20308576,167.35,129.9,128.62,175.46,7.79,1006.3,746.6,28
concrete_compressive_strength_000436,33.68779736,172.38,13.61,172.37,156.76,4.14,1006.3,856.4,28
concrete_compressive_strength_000437,38.20386516,173.54,50.05,173.53,164.77,6.47,1006.2,793.5,28
concrete_compressive_strength_000438,41.40992856,167.0,75.4,167.0,164.03,7.91,1007.3,770.1,28
concrete_compressive_strength_000439,37.810863839999996,173.81,93.37,159.9,172.34,9.73,1007.2,746.6,28
concrete_compressive_strength_000440,24.84871504,190.34,0.0,125.18,166.61,9.88,1079.0,798.9,28
concrete_compressive_strength_000441,27.22051248,250.0,0.0,95.69,191.84,5.33,948.9,857.2,28
concrete_compressive_strength_000442,44.63667624,213.5,0.0,174.24,159.21,11.66,1043.6,771.9,28
concrete_compressive_strength_000443,37.2661778,194.68,0.0,100.52,170.17,7.48,998.0,901.8,28
concrete_compressive_strength_000444,33.27411176,251.37,0.0,118.27,192.94,5.75,1043.6,754.3,28
concrete_compressive_strength_000445,36.56291228,165.0,0.02,143.57,163.81,0.0,1005.6,900.9,56
concrete_compressive_strength_000446,53.72396992,165.0,128.5,132.1,175.06,8.08,1005.8,746.6,56
concrete_compressive_strength_000447,48.587373719999995,178.03,129.8,118.6,179.94,3.57,1007.3,746.8,56
concrete_compressive_strength_000448,51.72448952,167.35,129.9,128.62,175.46,7.79,1006.3,746.6,56
concrete_compressive_strength_000449,35.852751999999995,172.38,13.61,172.37,156.76,4.14,1006.3,856.4,56
concrete_compressive_strength_000450,53.77223324,173.54,50.05,173.53,164.77,6.47,1006.2,793.5,56
concrete_compressive_strength_000451,53.46196904,167.0,75.4,167.0,164.03,7.91,1007.3,770.1,56
concrete_compressive_strength_000452,48.9872698,173.81,93.37,159.9,172.34,9.73,1007.2,746.6,56
concrete_compressive_strength_000453,31.715896,190.34,0.0,125.18,166.61,9.88,1079.0,798.9,56
concrete_compressive_strength_000454,39.64487,250.0,0.0,95.69,191.84,5.33,948.9,857.2,56
concrete_compressive_strength_000455,51.25564584,213.5,0.0,174.24,159.21,11.66,1043.6,771.9,56
concrete_compressive_strength_000456,43.388724679999996,194.68,0.0,100.52,170.17,7.48,998.0,901.8,56
concrete_compressive_strength_000457,39.2656582,251.37,0.0,118.27,192.94,5.75,1043.6,754.3,56
concrete_compressive_strength_000458,37.9556538,165.0,0.02,143.57,163.81,0.0,1005.6,900.9,100
concrete_compressive_strength_000459,55.020184799999996,165.0,128.5,132.1,175.06,8.08,1005.8,746.6,100
concrete_compressive_strength_000460,49.99390476,178.03,129.8,118.6,179.94,3.57,1007.3,746.8,100
concrete_compressive_strength_000461,53.65502232,167.35,129.9,128.62,175.46,7.79,1006.3,746.6,100
concrete_compressive_strength_000462,37.6798634,172.38,13.61,172.37,156.76,4.14,1006.3,856.4,100
concrete_compressive_strength_000463,56.061293559999996,173.54,50.05,173.53,164.77,6.47,1006.2,793.5,100
concrete_compressive_strength_000464,56.8128224,167.0,75.4,167.0,164.03,7.91,1007.3,770.1,100
concrete_compressive_strength_000465,50.93848688,173.81,93.37,159.9,172.34,9.73,1007.2,746.6,100
concrete_compressive_strength_000466,33.56369168,190.34,0.0,125.18,166.61,9.88,1079.0,798.9,100
concrete_compressive_strength_000467,41.1617172,250.0,0.0,95.69,191.84,5.33,948.9,857.2,100
concrete_compressive_strength_000468,52.95865156,213.5,0.0,174.24,159.21,11.66,1043.6,771.9,100
concrete_compressive_strength_000469,44.27814872,194.68,0.0,100.52,170.17,7.48,998.0,901.8,100
concrete_compressive_strength_000470,40.14818748,251.37,0.0,118.27,192.94,5.75,1043.6,754.3,100
concrete_compressive_strength_000471,57.02655996,446.0,24.0,79.0,162.0,11.61,967.0,712.0,28
concrete_compressive_strength_000472,44.42293868,446.0,24.0,79.0,162.0,11.64,967.0,712.0,28
concrete_compressive_strength_000473,51.021224,446.0,24.0,79.0,162.0,11.64,967.0,712.0,28
concrete_compressive_strength_000474,53.38612668,446.0,24.0,79.0,162.0,10.3,967.0,712.0,28
concrete_compressive_strength_000475,35.36322404,446.0,24.0,79.0,162.0,11.61,967.0,712.0,3
concrete_compressive_strength_000476,25.021084039999998,446.0,24.0,79.0,162.0,11.64,967.0,712.0,3
concrete_compressive_strength_000477,23.34565736,446.0,24.0,79.0,162.0,11.64,967.0,712.0,3
concrete_compressive_strength_000478,52.00717468,446.0,24.0,79.0,162.0,11.61,967.0,712.0,7
concrete_compressive_strength_000479,38.01770664,446.0,24.0,79.0,162.0,11.64,967.0,712.0,7
concrete_compressive_strength_000480,39.300132,446.0,24.0,79.0,162.0,11.64,967.0,712.0,7
concrete_compressive_strength_000481,61.06688932,446.0,24.0,79.0,162.0,11.61,967.0,712.0,56
concrete_compressive_strength_000482,56.14403068,446.0,24.0,79.0,162.0,11.64,967.0,712.0,56
concrete_compressive_strength_000483,55.25460664,446.0,24.0,79.0,162.0,11.64,967.0,712.0,56
concrete_compressive_strength_000484,54.765078679999995,446.0,24.0,79.0,162.0,10.3,967.0,712.0,56
concrete_compressive_strength_000485,50.23522136,387.0,20.0,94.0,157.0,14.32,938.0,845.0,28
concrete_compressive_strength_000486,46.68441996,387.0,20.0,94.0,157.0,13.93,938.0,845.0,28
concrete_compressive_strength_000487,46.68441996,387.0,20.0,94.0,157.0,11.61,938.0,845.0,28
concrete_compressive_strength_000488,22.752708,387.0,20.0,94.0,157.0,14.32,938.0,845.0,3
concrete_compressive_strength_000489,25.510612,387.0,20.0,94.0,157.0,13.93,938.0,845.0,3
concrete_compressive_strength_000490,34.77027468,387.0,20.0,94.0,157.0,11.61,938.0,845.0,3
concrete_compressive_strength_000491,36.83870268,387.0,20.0,94.0,157.0,14.32,938.0,845.0,7
concrete_compressive_strength_000492,45.89841732,387.0,20.0,94.0,157.0,13.93,938.0,845.0,7
concrete_compressive_strength_000493,41.66503468,387.0,20.0,94.0,157.0,11.61,938.0,845.0,7
concrete_compressive_strength_000494,56.33708396,387.0,20.0,94.0,157.0,14.32,938.0,845.0,56
concrete_compressive_strength_000495,47.96684532,387.0,20.0,94.0,157.0,13.93,938.0,845.0,56
concrete_compressive_strength_000496,61.45989064,387.0,20.0,94.0,157.0,11.61,938.0,845.0,56
concrete_compressive_strength_000497,44.02993736,355.0,19.0,97.0,145.0,13.13,967.0,871.0,28
concrete_compressive_strength_000498,55.45455468,355.0,19.0,97.0,145.0,12.25,967.0,871.0,28
concrete_compressive_strength_000499,55.55108132,491.0,26.0,123.0,210.0,3.93,882.0,699.0,28
concrete_compressive_strength_000500,57.915983999999995,491.0,26.0,123.0,201.0,3.93,822.0,699.0,28
concrete_compressive_strength_000501,25.60910856945864,491.0,26.0,123.0,210.0,3.93,882.0,699.0,3
concrete_compressive_strength_000502,33.488834284729315,491.0,26.0,123.0,210.0,3.93,882.0,699.0,7
concrete_compressive_strength_000503,59.590425715270676,491.0,26.0,123.0,210.0,3.93,882.0,699.0,56
concrete_compressive_strength_000504,29.54897143054136,491.0,26.0,123.0,201.0,3.93,822.0,699.0,3
concrete_compressive_strength_000505,37.92118,491.0,26.0,123.0,201.0,3.93,822.0,699.0,7
concrete_compressive_strength_000506,61.85584685418796,491.0,26.0,123.0,201.0,3.93,822.0,699.0,56
concrete_compressive_strength_000507,62.052839999999996,424.0,22.0,132.0,178.0,8.48,822.0,750.0,28
concrete_compressive_strength_000508,32.01138571527068,424.0,22.0,132.0,178.0,8.48,882.0,750.0,3
concrete_compressive_strength_000509,72.09850532,424.0,22.0,132.0,168.0,8.92,822.0,750.0,28
concrete_compressive_strength_000510,39.004642284729314,424.0,22.0,132.0,178.0,8.48,822.0,750.0,7
concrete_compressive_strength_000511,65.69721314581203,424.0,22.0,132.0,178.0,8.48,822.0,750.0,56
concrete_compressive_strength_000512,32.109882284729316,424.0,22.0,132.0,168.0,8.92,822.0,750.0,3
concrete_compressive_strength_000513,40.28509771527068,424.0,22.0,132.0,168.0,8.92,822.0,750.0,7
concrete_compressive_strength_000514,74.3649114581204,424.0,22.0,132.0,168.0,8.92,822.0,750.0,56
concrete_compressive_strength_000515,21.96670536,202.0,11.0,141.0,206.0,1.72,942.0,801.0,28
concrete_compressive_strength_000516,9.84965714581204,202.0,11.0,141.0,206.0,1.72,942.0,801.0,3
concrete_compressive_strength_000517,15.069975430541358,202.0,11.0,141.0,206.0,1.72,942.0,801.0,7
concrete_compressive_strength_000518,23.24519085418796,202.0,11.0,141.0,206.0,1.72,942.0,801.0,56
concrete_compressive_strength_000519,43.733462679999995,284.0,15.0,141.0,179.0,5.46,842.0,801.0,28
concrete_compressive_strength_000520,13.395533715270679,284.0,15.0,141.0,179.0,5.46,842.0,801.0,3
concrete_compressive_strength_000521,24.13166,284.0,15.0,141.0,179.0,5.46,842.0,801.0,7
concrete_compressive_strength_000522,44.520450284729314,284.0,15.0,141.0,179.0,5.46,842.0,801.0,56
concrete_compressive_strength_000523,62.935369279999996,359.0,19.0,141.0,154.0,10.91,942.0,801.0,28
concrete_compressive_strength_000524,59.494884039999995,359.0,19.0,141.0,154.0,10.91,942.0,801.0,28
concrete_compressive_strength_000525,25.11662571527068,359.0,19.0,141.0,154.0,10.91,942.0,801.0,3
concrete_compressive_strength_000526,23.639177145812038,359.0,19.0,141.0,154.0,10.91,942.0,801.0,3
concrete_compressive_strength_000527,35.75425543054136,359.0,19.0,141.0,154.0,10.91,942.0,801.0,7
concrete_compressive_strength_000528,38.610656,359.0,19.0,141.0,154.0,10.91,942.0,801.0,7
concrete_compressive_strength_000529,68.75060685418796,359.0,19.0,141.0,154.0,10.91,942.0,801.0,56
concrete_compressive_strength_000530,66.78067543054136,359.0,19.0,141.0,154.0,10.91,942.0,801.0,56
concrete_compressive_strength_000531,23.84897484,436.0,0.0,0.0,218.0,0.0,838.4,719.7,28
concrete_compressive_strength_000532,32.068218236,289.0,0.0,0.0,192.0,0.0,913.2,895.3,90
concrete_compressive_strength_000533,11.654902304,289.0,0.0,0.0,192.0,0.0,913.2,895.3,3
concrete_compressive_strength_000534,19.199148695999998,393.0,0.0,0.0,192.0,0.0,940.6,785.6,3
concrete_compressive_strength_000535,48.846616696,393.0,0.0,0.0,192.0,0.0,940.6,785.6,90
concrete_compressive_strength_000536,39.604880392,393.0,0.0,0.0,192.0,0.0,940.6,785.6,28
concrete_compressive_strength_000537,43.942373908,480.0,0.0,0.0,192.0,0.0,936.2,712.2,28
concrete_compressive_strength_000538,34.569637164,480.0,0.0,0.0,192.0,0.0,936.2,712.2,7
concrete_compressive_strength_000539,54.315540328,480.0,0.0,0.0,192.0,0.0,936.2,712.2,90
concrete_compressive_strength_000540,24.404692496,480.0,0.0,0.0,192.0,0.0,936.2,712.2,3
concrete_compressive_strength_000541,15.615941924,333.0,0.0,0.0,192.0,0.0,931.2,842.6,3
concrete_compressive_strength_000542,21.859147104,255.0,0.0,0.0,192.0,0.0,889.8,945.0,90
concrete_compressive_strength_000543,10.222171176,255.0,0.0,0.0,192.0,0.0,889.8,945.0,7
concrete_compressive_strength_000544,14.596896395999998,289.0,0.0,0.0,192.0,0.0,913.2,895.3,7
concrete_compressive_strength_000545,18.746162964,255.0,0.0,0.0,192.0,0.0,889.8,945.0,28
concrete_compressive_strength_000546,31.966865263999996,333.0,0.0,0.0,192.0,0.0,931.2,842.6,28
concrete_compressive_strength_000547,23.404952295999998,333.0,0.0,0.0,192.0,0.0,931.2,842.6,7
concrete_compressive_strength_000548,25.573354316,289.0,0.0,0.0,192.0,0.0,913.2,895.3,28
concrete_compressive_strength_000549,41.680203152,333.0,0.0,0.0,192.0,0.0,931.2,842.6,90
concrete_compressive_strength_000550,27.742445811999996,393.0,0.0,0.0,192.0,0.0,940.6,785.6,7
concrete_compressive_strength_000551,8.204074924,255.0,0.0,0.0,192.0,0.0,889.8,945.0,3
concrete_compressive_strength_000552,9.617500724000001,158.8,238.2,0.0,185.7,0.0,1040.6,734.3,7
concrete_compressive_strength_000553,25.422359072,239.6,359.4,0.0,185.7,0.0,941.6,664.3,7
concrete_compressive_strength_000554,15.691094808,238.2,158.8,0.0,185.7,0.0,1040.6,734.3,7
concrete_compressive_strength_000555,27.935499091999997,181.9,272.8,0.0,185.7,0.0,1012.4,714.3,28
concrete_compressive_strength_000556,32.626693796000005,193.5,290.2,0.0,185.7,0.0,998.2,704.3,28
concrete_compressive_strength_000557,17.236210524,255.5,170.3,0.0,185.7,0.0,1026.6,724.3,7
concrete_compressive_strength_000558,19.765208492,272.8,181.9,0.0,185.7,0.0,1012.4,714.3,7
concrete_compressive_strength_000559,39.435269296,239.6,359.4,0.0,185.7,0.0,941.6,664.3,28
concrete_compressive_strength_000560,25.745033839999998,220.8,147.2,0.0,185.7,0.0,1055.0,744.3,28
concrete_compressive_strength_000561,33.082437432,397.0,0.0,0.0,185.7,0.0,1040.6,734.3,28
concrete_compressive_strength_000562,24.065470304,382.5,0.0,0.0,185.7,0.0,1047.8,739.3,7
concrete_compressive_strength_000563,21.819846971999997,210.7,316.1,0.0,185.7,0.0,977.0,689.3,7
concrete_compressive_strength_000564,21.066249704,158.8,238.2,0.0,185.7,0.0,1040.6,734.3,28
concrete_compressive_strength_000565,14.843728804,295.8,0.0,0.0,185.7,0.0,1091.4,769.3,7
concrete_compressive_strength_000566,32.051670812,255.5,170.3,0.0,185.7,0.0,1026.6,724.3,28
concrete_compressive_strength_000567,11.957582268,203.5,135.7,0.0,185.7,0.0,1076.2,759.3,7
concrete_compressive_strength_000568,25.447869684,397.0,0.0,0.0,185.7,0.0,1040.6,734.3,7
concrete_compressive_strength_000569,22.489328168,381.4,0.0,0.0,185.7,0.0,1104.6,784.3,28
concrete_compressive_strength_000570,25.216895223999998,295.8,0.0,0.0,185.7,0.0,1091.4,769.3,28
concrete_compressive_strength_000571,39.699338604,228.0,342.1,0.0,185.7,0.0,955.8,674.3,28
concrete_compressive_strength_000572,13.089012384,220.8,147.2,0.0,185.7,0.0,1055.0,744.3,7
concrete_compressive_strength_000573,38.70028788,316.1,210.7,0.0,185.7,0.0,977.0,689.3,28
concrete_compressive_strength_000574,7.507014687999999,135.7,203.5,0.0,185.7,0.0,1076.2,759.3,7
concrete_compressive_strength_000575,17.576122192,238.1,0.0,0.0,185.7,0.0,1118.8,789.3,28
concrete_compressive_strength_000576,21.179323768,339.2,0.0,0.0,185.7,0.0,1069.2,754.3,7
concrete_compressive_strength_000577,18.19871902,135.7,203.5,0.0,185.7,0.0,1076.2,759.3,28
concrete_compressive_strength_000578,17.200357771999997,193.5,290.2,0.0,185.7,0.0,998.2,704.3,7
concrete_compressive_strength_000579,22.629981272,203.5,135.7,0.0,185.7,0.0,1076.2,759.3,28
concrete_compressive_strength_000580,21.859147104,290.2,193.5,0.0,185.7,0.0,998.2,704.3,7
concrete_compressive_strength_000581,12.37264682,181.9,272.8,0.0,185.7,0.0,1012.4,714.3,7
concrete_compressive_strength_000582,25.726417988,170.3,155.5,0.0,185.7,0.0,1026.6,724.3,28
concrete_compressive_strength_000583,37.813621743999995,210.7,316.1,0.0,185.7,0.0,977.0,689.3,28
concrete_compressive_strength_000584,21.917063088,228.0,342.1,0.0,185.7,0.0,955.8,674.3,7
concrete_compressive_strength_000585,33.0431373,290.2,193.5,0.0,185.7,0.0,998.2,704.3,28
concrete_compressive_strength_000586,14.54104884,381.4,0.0,0.0,185.7,0.0,1104.6,784.3,7
concrete_compressive_strength_000587,26.91369566,238.2,158.8,0.0,185.7,0.0,1040.6,734.3,28
concrete_compressive_strength_000588,7.995853172,186.2,124.1,0.0,185.7,0.0,1083.4,764.3,7
concrete_compressive_strength_000589,31.899986092,339.2,0.0,0.0,185.7,0.0,1069.2,754.3,28
concrete_compressive_strength_000590,10.335934715999999,238.1,0.0,0.0,185.7,0.0,1118.8,789.3,7
concrete_compressive_strength_000591,19.765208492,252.5,0.0,0.0,185.7,0.0,1111.6,784.3,28
concrete_compressive_strength_000592,37.437857324,382.5,0.0,0.0,185.7,0.0,1047.8,739.3,28
concrete_compressive_strength_000593,11.483912255999998,252.5,0.0,0.0,185.7,0.0,1111.6,784.3,7
concrete_compressive_strength_000594,24.437787344,316.1,210.7,0.0,185.7,0.0,977.0,689.3,7
concrete_compressive_strength_000595,17.596806471999997,186.2,124.1,0.0,185.7,0.0,1083.4,764.3,28
concrete_compressive_strength_000596,10.730314988,170.3,155.5,0.0,185.7,0.0,1026.6,724.3,7
concrete_compressive_strength_000597,31.38150014,272.8,181.9,0.0,185.7,0.0,1012.4,714.3,28
concrete_compressive_strength_000598,13.22414968,339.0,0.0,0.0,197.0,0.0,968.0,781.0,3
concrete_compressive_strength_000599,20.96696516,339.0,0.0,0.0,197.0,0.0,968.0,781.0,7
concrete_compressive_strength_000600,27.04124872,339.0,0.0,0.0,197.0,0.0,968.0,781.0,14
concrete_compressive_strength_000601,32.039949719999996,339.0,0.0,0.0,197.0,0.0,968.0,781.0,28
concrete_compressive_strength_000602,35.17017076,339.0,0.0,0.0,197.0,0.0,968.0,781.0,90
concrete_compressive_strength_000603,36.44570136,339.0,0.0,0.0,197.0,0.0,968.0,781.0,180
concrete_compressive_strength_000604,38.89334116,339.0,0.0,0.0,197.0,0.0,968.0,781.0,365
concrete_compressive_strength_000605,6.467284879999999,236.0,0.0,0.0,194.0,0.0,968.0,885.0,3
concrete_compressive_strength_000606,12.83804312,236.0,0.0,0.0,194.0,0.0,968.0,885.0,14
concrete_compressive_strength_000607,18.415903959999998,236.0,0.0,0.0,194.0,0.0,968.0,885.0,28
concrete_compressive_strength_000608,21.946021079999998,236.0,0.0,0.0,194.0,0.0,968.0,885.0,90
concrete_compressive_strength_000609,24.104080959999997,236.0,0.0,0.0,193.0,0.0,968.0,885.0,180
concrete_compressive_strength_000610,25.083136879999998,236.0,0.0,0.0,193.0,0.0,968.0,885.0,365
concrete_compressive_strength_000611,21.26343984,277.0,0.0,0.0,191.0,0.0,968.0,856.0,14
concrete_compressive_strength_000612,25.965666159999998,277.0,0.0,0.0,191.0,0.0,968.0,856.0,28
concrete_compressive_strength_000613,11.36256448,277.0,0.0,0.0,191.0,0.0,968.0,856.0,3
concrete_compressive_strength_000614,31.25394708,277.0,0.0,0.0,191.0,0.0,968.0,856.0,90
concrete_compressive_strength_000615,32.32952964,277.0,0.0,0.0,191.0,0.0,968.0,856.0,180
concrete_compressive_strength_000616,33.70158688,277.0,0.0,0.0,191.0,0.0,968.0,856.0,360
concrete_compressive_strength_000617,9.307926,254.0,0.0,0.0,198.0,0.0,968.0,863.0,3
concrete_compressive_strength_000618,26.94472208,254.0,0.0,0.0,198.0,0.0,968.0,863.0,90
concrete_compressive_strength_000619,27.62730332,254.0,0.0,0.0,198.0,0.0,968.0,863.0,180
concrete_compressive_strength_000620,29.7853632,254.0,0.0,0.0,198.0,0.0,968.0,863.0,365
concrete_compressive_strength_000621,34.48758952,307.0,0.0,0.0,193.0,0.0,968.0,812.0,180
concrete_compressive_strength_000622,36.14922668,307.0,0.0,0.0,193.0,0.0,968.0,812.0,365
concrete_compressive_strength_000623,12.541568439999999,307.0,0.0,0.0,193.0,0.0,968.0,812.0,3
concrete_compressive_strength_000624,27.53077668,307.0,0.0,0.0,193.0,0.0,968.0,812.0,28
concrete_compressive_strength_000625,32.922478999999996,307.0,0.0,0.0,193.0,0.0,968.0,812.0,90
concrete_compressive_strength_000626,9.99050724,236.0,0.0,0.0,193.0,0.0,968.0,885.0,7
concrete_compressive_strength_000627,7.8393421199999995,200.0,0.0,0.0,180.0,0.0,1125.0,845.0,7
concrete_compressive_strength_000628,12.24509376,200.0,0.0,0.0,180.0,0.0,1125.0,845.0,28
concrete_compressive_strength_000629,11.169511199999999,225.0,0.0,0.0,181.0,0.0,1113.0,833.0,7
concrete_compressive_strength_000630,17.3403214,225.0,0.0,0.0,181.0,0.0,1113.0,833.0,28
concrete_compressive_strength_000631,17.54026944,325.0,0.0,0.0,184.0,0.0,1063.0,783.0,7
concrete_compressive_strength_000632,30.57136584,325.0,0.0,0.0,184.0,0.0,1063.0,783.0,28
concrete_compressive_strength_000633,14.2032056,275.0,0.0,0.0,183.0,0.0,1088.0,808.0,7
concrete_compressive_strength_000634,24.49708228,275.0,0.0,0.0,183.0,0.0,1088.0,808.0,28
concrete_compressive_strength_000635,15.575262839999999,300.0,0.0,0.0,184.0,0.0,1075.0,795.0,7
concrete_compressive_strength_000636,26.848195439999998,300.0,0.0,0.0,184.0,0.0,1075.0,795.0,28
concrete_compressive_strength_000637,26.0621928,375.0,0.0,0.0,186.0,0.0,1038.0,758.0,7
concrete_compressive_strength_000638,38.21075992,375.0,0.0,0.0,186.0,0.0,1038.0,758.0,28
concrete_compressive_strength_000639,43.69898888,400.0,0.0,0.0,187.0,0.0,1025.0,745.0,28
concrete_compressive_strength_000640,30.143890719999998,400.0,0.0,0.0,187.0,0.0,1025.0,745.0,7
concrete_compressive_strength_000641,12.73462172,250.0,0.0,0.0,182.0,0.0,1100.0,820.0,7
concrete_compressive_strength_000642,20.87043852,250.0,0.0,0.0,182.0,0.0,1100.0,820.0,28
concrete_compressive_strength_000643,20.27748916,350.0,0.0,0.0,186.0,0.0,1050.0,770.0,7
concrete_compressive_strength_000644,34.29453624,350.0,0.0,0.0,186.0,0.0,1050.0,770.0,28
concrete_compressive_strength_000645,19.539060364,203.5,305.3,0.0,203.5,0.0,963.4,630.0,7
concrete_compressive_strength_000646,47.714497103999996,250.2,166.8,0.0,203.5,0.0,977.6,694.1,90
concrete_compressive_strength_000647,43.377003588,157.0,236.0,0.0,192.0,0.0,935.4,781.2,90
concrete_compressive_strength_000648,29.89223198,141.3,212.0,0.0,203.5,0.0,971.8,748.5,28
concrete_compressive_strength_000649,6.902344236,166.8,250.2,0.0,203.5,0.0,975.6,692.6,3
concrete_compressive_strength_000650,33.192064116000005,122.6,183.9,0.0,203.5,0.0,958.2,800.1,90
concrete_compressive_strength_000651,4.9035533120000006,183.9,122.6,0.0,203.5,0.0,959.2,800.0,3
concrete_compressive_strength_000652,4.565020596,102.0,153.0,0.0,192.0,0.0,887.0,942.0,3
concrete_compressive_strength_000653,25.460969728000002,102.0,153.0,0.0,192.0,0.0,887.0,942.0,90
concrete_compressive_strength_000654,24.290928956,122.6,183.9,0.0,203.5,0.0,958.2,800.1,28
concrete_compressive_strength_000655,33.947729812,166.8,250.2,0.0,203.5,0.0,975.6,692.6,28
concrete_compressive_strength_000656,11.414275179999999,200.0,133.0,0.0,192.0,0.0,965.4,806.2,3
concrete_compressive_strength_000657,20.593958644,108.3,162.4,0.0,203.5,0.0,938.2,849.0,28
concrete_compressive_strength_000658,25.893960655999997,305.3,203.5,0.0,203.5,0.0,965.4,631.0,7
concrete_compressive_strength_000659,29.231713971999998,108.3,162.4,0.0,203.5,0.0,938.2,849.0,90
concrete_compressive_strength_000660,31.023662096000002,116.0,173.0,0.0,192.0,0.0,909.8,891.9,90
concrete_compressive_strength_000661,10.3938507,141.3,212.0,0.0,203.5,0.0,971.8,748.5,7
concrete_compressive_strength_000662,33.664355176,157.0,236.0,0.0,192.0,0.0,935.4,781.2,28
concrete_compressive_strength_000663,27.874825204,133.0,200.0,0.0,192.0,0.0,927.4,839.2,28
concrete_compressive_strength_000664,19.35014394,250.2,166.8,0.0,203.5,0.0,977.6,694.1,7
concrete_compressive_strength_000665,11.392211948,173.0,116.0,0.0,192.0,0.0,946.8,856.8,7
concrete_compressive_strength_000666,12.788400847999998,192.0,288.0,0.0,192.0,0.0,929.8,716.1,3
concrete_compressive_strength_000667,39.321505756,192.0,288.0,0.0,192.0,0.0,929.8,716.1,28
concrete_compressive_strength_000668,4.782205536,153.0,102.0,0.0,192.0,0.0,888.0,943.1,3
concrete_compressive_strength_000669,16.10960674,288.0,192.0,0.0,192.0,0.0,932.0,717.8,3
concrete_compressive_strength_000670,43.377003588,305.3,203.5,0.0,203.5,0.0,965.4,631.0,28
concrete_compressive_strength_000671,20.416073836,236.0,157.0,0.0,192.0,0.0,972.6,749.1,7
concrete_compressive_strength_000672,6.940954892,173.0,116.0,0.0,192.0,0.0,946.8,856.8,3
concrete_compressive_strength_000673,15.030576799999999,212.0,141.3,0.0,203.5,0.0,973.4,750.0,7
concrete_compressive_strength_000674,13.565440299999999,236.0,157.0,0.0,192.0,0.0,972.6,749.1,3
concrete_compressive_strength_000675,32.53292506,183.9,122.6,0.0,203.5,0.0,959.2,800.0,90
concrete_compressive_strength_000676,15.748321315999998,166.8,250.2,0.0,203.5,0.0,975.6,692.6,7
concrete_compressive_strength_000677,7.675936308,102.0,153.0,0.0,192.0,0.0,887.0,942.0,7
concrete_compressive_strength_000678,38.804398756000005,288.0,192.0,0.0,192.0,0.0,932.0,717.8,28
concrete_compressive_strength_000679,33.003837168,212.0,141.3,0.0,203.5,0.0,973.4,750.0,28
concrete_compressive_strength_000680,17.275510655999998,102.0,153.0,0.0,192.0,0.0,887.0,942.0,28
concrete_compressive_strength_000681,24.281965768,173.0,116.0,0.0,192.0,0.0,946.8,856.8,28
concrete_compressive_strength_000682,24.046164976,183.9,122.6,0.0,203.5,0.0,959.2,800.0,28
concrete_compressive_strength_000683,36.588422892,133.0,200.0,0.0,192.0,0.0,927.4,839.2,90
concrete_compressive_strength_000684,50.732333556,192.0,288.0,0.0,192.0,0.0,929.8,716.1,90
concrete_compressive_strength_000685,13.664035367999999,133.0,200.0,0.0,192.0,0.0,927.4,839.2,7
concrete_compressive_strength_000686,14.143910664,305.3,203.5,0.0,203.5,0.0,965.4,631.0,3
concrete_compressive_strength_000687,47.782065751999994,236.0,157.0,0.0,192.0,0.0,972.6,749.1,90
concrete_compressive_strength_000688,2.331807832,108.3,162.4,0.0,203.5,0.0,938.2,849.0,3
concrete_compressive_strength_000689,16.889404096,157.0,236.0,0.0,192.0,0.0,935.4,781.2,7
concrete_compressive_strength_000690,23.523542168,288.0,192.0,0.0,192.0,0.0,932.0,717.8,7
concrete_compressive_strength_000691,6.8085755,212.0,141.3,0.0,203.5,0.0,973.4,750.0,3
concrete_compressive_strength_000692,39.700028079999996,212.0,141.3,0.0,203.5,0.0,973.4,750.0,90
concrete_compressive_strength_000693,17.96429718,153.0,102.0,0.0,192.0,0.0,888.0,943.1,28
concrete_compressive_strength_000694,32.88455782,236.0,157.0,0.0,192.0,0.0,972.6,749.1,28
concrete_compressive_strength_000695,22.347985588,116.0,173.0,0.0,192.0,0.0,909.8,891.9,28
concrete_compressive_strength_000696,10.787541496,183.9,122.6,0.0,203.5,0.0,959.2,800.0,7
concrete_compressive_strength_000697,7.723510152,108.3,162.4,0.0,203.5,0.0,938.2,849.0,7
concrete_compressive_strength_000698,41.684340008,203.5,305.3,0.0,203.5,0.0,963.4,630.0,28
concrete_compressive_strength_000699,9.561653168,203.5,305.3,0.0,203.5,0.0,963.4,630.0,3
concrete_compressive_strength_000700,6.883728383999999,133.0,200.0,0.0,192.0,0.0,927.4,839.2,3
concrete_compressive_strength_000701,50.526869708,288.0,192.0,0.0,192.0,0.0,932.0,717.8,90
concrete_compressive_strength_000702,17.165883972,200.0,133.0,0.0,192.0,0.0,965.4,806.2,7
concrete_compressive_strength_000703,30.439675923999996,200.0,133.0,0.0,192.0,0.0,965.4,806.2,28
concrete_compressive_strength_000704,9.731264264,250.2,166.8,0.0,203.5,0.0,977.6,694.1,3
concrete_compressive_strength_000705,3.31982694,122.6,183.9,0.0,203.5,0.0,958.2,800.1,3
concrete_compressive_strength_000706,26.322814728,153.0,102.0,0.0,192.0,0.0,888.0,943.1,90
concrete_compressive_strength_000707,43.25082948,200.0,133.0,0.0,192.0,0.0,965.4,806.2,90
concrete_compressive_strength_000708,6.280436883999999,116.0,173.0,0.0,192.0,0.0,909.8,891.9,3
concrete_compressive_strength_000709,32.102692036,173.0,116.0,0.0,192.0,0.0,946.8,856.8,90
concrete_compressive_strength_000710,36.964187312,250.2,166.8,0.0,203.5,0.0,977.6,694.1,28
concrete_compressive_strength_000711,54.598914963999995,305.3,203.5,0.0,203.5,0.0,965.4,631.0,90
concrete_compressive_strength_000712,21.48062478,192.0,288.0,0.0,192.0,0.0,929.8,716.1,7
concrete_compressive_strength_000713,9.694722036,157.0,236.0,0.0,192.0,0.0,935.4,781.2,3
concrete_compressive_strength_000714,8.374375495999999,153.0,102.0,0.0,192.0,0.0,888.0,943.1,7
concrete_compressive_strength_000715,39.6621069,141.3,212.0,0.0,203.5,0.0,971.8,748.5,90
concrete_compressive_strength_000716,10.089791784,116.0,173.0,0.0,192.0,0.0,909.8,891.9,7
concrete_compressive_strength_000717,4.827710952,141.3,212.0,0.0,203.5,0.0,971.8,748.5,3
concrete_compressive_strength_000718,10.354550567999999,122.6,183.9,0.0,203.5,0.0,958.2,800.1,7
concrete_compressive_strength_000719,43.565230536,166.8,250.2,0.0,203.5,0.0,975.6,692.6,90
concrete_compressive_strength_000720,51.863763672,203.5,305.3,0.0,203.5,0.0,963.4,630.0,90
concrete_compressive_strength_000721,11.85209244,310.0,0.0,0.0,192.0,0.0,1012.0,830.0,3
concrete_compressive_strength_000722,17.24379476,310.0,0.0,0.0,192.0,0.0,1012.0,830.0,7
concrete_compressive_strength_000723,27.827251359999998,310.0,0.0,0.0,192.0,0.0,1012.0,830.0,28
concrete_compressive_strength_000724,35.763120119999996,310.0,0.0,0.0,192.0,0.0,1012.0,830.0,90
concrete_compressive_strength_000725,38.70028788,310.0,0.0,0.0,192.0,0.0,1012.0,830.0,120
concrete_compressive_strength_000726,14.306626999999999,331.0,0.0,0.0,192.0,0.0,1025.0,821.0,3
concrete_compressive_strength_000727,17.43684804,331.0,0.0,0.0,192.0,0.0,1025.0,821.0,7
concrete_compressive_strength_000728,31.74347504,331.0,0.0,0.0,192.0,0.0,1025.0,821.0,28
concrete_compressive_strength_000729,37.91428524,331.0,0.0,0.0,192.0,0.0,1025.0,821.0,90
concrete_compressive_strength_000730,39.382869119999995,331.0,0.0,0.0,192.0,0.0,1025.0,821.0,120
concrete_compressive_strength_000731,15.87173752,349.0,0.0,0.0,192.0,0.0,1056.0,809.0,3
concrete_compressive_strength_000732,9.011451319999999,349.0,0.0,0.0,192.0,0.0,1056.0,809.0,7
concrete_compressive_strength_000733,33.60506024,349.0,0.0,0.0,192.0,0.0,1056.0,809.0,28
concrete_compressive_strength_000734,40.65839972,349.0,0.0,0.0,192.0,0.0,1056.0,809.0,90
concrete_compressive_strength_000735,40.85834776,349.0,0.0,0.0,192.0,0.0,1056.0,809.0,120
concrete_compressive_strength_000736,12.052040479999999,238.0,0.0,0.0,186.0,0.0,1119.0,789.0,7
concrete_compressive_strength_000737,17.54026944,238.0,0.0,0.0,186.0,0.0,1119.0,789.0,28
concrete_compressive_strength_000738,18.91232668,296.0,0.0,0.0,186.0,0.0,1090.0,769.0,7
concrete_compressive_strength_000739,25.17966352,296.0,0.0,0.0,186.0,0.0,1090.0,769.0,28
concrete_compressive_strength_000740,30.9574724,297.0,0.0,0.0,186.0,0.0,1040.0,734.0,7
concrete_compressive_strength_000741,43.892042159999995,480.0,0.0,0.0,192.0,0.0,936.0,721.0,28
concrete_compressive_strength_000742,54.27555072,480.0,0.0,0.0,192.0,0.0,936.0,721.0,90
concrete_compressive_strength_000743,36.93522932,397.0,0.0,0.0,186.0,0.0,1040.0,734.0,28
concrete_compressive_strength_000744,14.49968028,281.0,0.0,0.0,186.0,0.0,1104.0,774.0,7
concrete_compressive_strength_000745,22.435549039999998,281.0,0.0,0.0,185.0,0.0,1104.0,774.0,28
concrete_compressive_strength_000746,12.63809508,500.0,0.0,0.0,200.0,0.0,1125.0,613.0,1
concrete_compressive_strength_000747,26.0621928,500.0,0.0,0.0,200.0,0.0,1125.0,613.0,3
concrete_compressive_strength_000748,33.21205892,500.0,0.0,0.0,200.0,0.0,1125.0,613.0,7
concrete_compressive_strength_000749,36.93522932,500.0,0.0,0.0,200.0,0.0,1125.0,613.0,14
concrete_compressive_strength_000750,44.0919902,500.0,0.0,0.0,200.0,0.0,1125.0,613.0,28
concrete_compressive_strength_000751,52.61391356,540.0,0.0,0.0,173.0,0.0,1125.0,613.0,7
concrete_compressive_strength_000752,59.76377968,540.0,0.0,0.0,173.0,0.0,1125.0,613.0,14
concrete_compressive_strength_000753,67.30664712,540.0,0.0,0.0,173.0,0.0,1125.0,613.0,28
concrete_compressive_strength_000754,69.65776027999999,540.0,0.0,0.0,173.0,0.0,1125.0,613.0,90
concrete_compressive_strength_000755,71.62276688,540.0,0.0,0.0,173.0,0.0,1125.0,613.0,180
concrete_compressive_strength_000756,74.16693332,540.0,0.0,0.0,173.0,0.0,1125.0,613.0,270
concrete_compressive_strength_000757,18.12632404,350.0,0.0,0.0,203.0,0.0,974.0,775.0,7
concrete_compressive_strength_000758,22.53207568,350.0,0.0,0.0,203.0,0.0,974.0,775.0,14
concrete_compressive_strength_000759,27.337723399999998,350.0,0.0,0.0,203.0,0.0,974.0,775.0,28
concrete_compressive_strength_000760,29.97841648,350.0,0.0,0.0,203.0,0.0,974.0,775.0,56
concrete_compressive_strength_000761,31.35047372,350.0,0.0,0.0,203.0,0.0,974.0,775.0,90
concrete_compressive_strength_000762,32.72253096,350.0,0.0,0.0,203.0,0.0,974.0,775.0,180
concrete_compressive_strength_000763,6.26733684,385.0,0.0,0.0,186.0,0.0,966.0,763.0,1
concrete_compressive_strength_000764,14.699628319999999,385.0,0.0,0.0,186.0,0.0,966.0,763.0,3
concrete_compressive_strength_000765,23.221551679999997,385.0,0.0,0.0,186.0,0.0,966.0,763.0,7
concrete_compressive_strength_000766,27.923778,385.0,0.0,0.0,186.0,0.0,966.0,763.0,14
concrete_compressive_strength_000767,31.35047372,385.0,0.0,0.0,186.0,0.0,966.0,763.0,28
concrete_compressive_strength_000768,38.99676256,331.0,0.0,0.0,192.0,0.0,978.0,825.0,180
concrete_compressive_strength_000769,41.244454319999996,331.0,0.0,0.0,192.0,0.0,978.0,825.0,360
concrete_compressive_strength_000770,14.98920824,349.0,0.0,0.0,192.0,0.0,1047.0,806.0,3
concrete_compressive_strength_000771,13.52062436,331.0,0.0,0.0,192.0,0.0,978.0,825.0,3
concrete_compressive_strength_000772,24.00065956,382.0,0.0,0.0,186.0,0.0,1047.0,739.0,7
concrete_compressive_strength_000773,37.42475728,382.0,0.0,0.0,186.0,0.0,1047.0,739.0,28
concrete_compressive_strength_000774,11.46598588,382.0,0.0,0.0,186.0,0.0,1111.0,784.0,7
concrete_compressive_strength_000775,22.435549039999998,281.0,0.0,0.0,186.0,0.0,1104.0,774.0,28
concrete_compressive_strength_000776,21.160018439999998,339.0,0.0,0.0,185.0,0.0,1069.0,754.0,7
concrete_compressive_strength_000777,31.84000168,339.0,0.0,0.0,185.0,0.0,1069.0,754.0,28
concrete_compressive_strength_000778,14.796154959999999,295.0,0.0,0.0,185.0,0.0,1069.0,769.0,7
concrete_compressive_strength_000779,25.17966352,295.0,0.0,0.0,185.0,0.0,1069.0,769.0,28
concrete_compressive_strength_000780,17.54026944,238.0,0.0,0.0,185.0,0.0,1118.0,789.0,28
concrete_compressive_strength_000781,14.2032056,296.0,0.0,0.0,192.0,0.0,1085.0,765.0,7
concrete_compressive_strength_000782,21.6495464,296.0,0.0,0.0,192.0,0.0,1085.0,765.0,28
concrete_compressive_strength_000783,29.39236188,296.0,0.0,0.0,192.0,0.0,1085.0,765.0,90
concrete_compressive_strength_000784,13.52062436,331.0,0.0,0.0,192.0,0.0,879.0,825.0,3
concrete_compressive_strength_000785,16.26473884,331.0,0.0,0.0,192.0,0.0,978.0,825.0,7
concrete_compressive_strength_000786,31.44700036,331.0,0.0,0.0,192.0,0.0,978.0,825.0,28
concrete_compressive_strength_000787,37.231704,331.0,0.0,0.0,192.0,0.0,978.0,825.0,90
concrete_compressive_strength_000788,18.12632404,349.0,0.0,0.0,192.0,0.0,1047.0,806.0,7
concrete_compressive_strength_000789,32.72253096,349.0,0.0,0.0,192.0,0.0,1047.0,806.0,28
concrete_compressive_strength_000790,39.48629052,349.0,0.0,0.0,192.0,0.0,1047.0,806.0,90
concrete_compressive_strength_000791,41.05140104,349.0,0.0,0.0,192.0,0.0,1047.0,806.0,180
concrete_compressive_strength_000792,42.126983599999996,349.0,0.0,0.0,192.0,0.0,1047.0,806.0,360
concrete_compressive_strength_000793,18.12632404,302.0,0.0,0.0,203.0,0.0,974.0,817.0,14
concrete_compressive_strength_000794,26.74477404,302.0,0.0,0.0,203.0,0.0,974.0,817.0,180
concrete_compressive_strength_000795,61.921839559999995,525.0,0.0,0.0,189.0,0.0,1125.0,613.0,180
concrete_compressive_strength_000796,47.22221124,500.0,0.0,0.0,200.0,0.0,1125.0,613.0,90
concrete_compressive_strength_000797,51.04190828,500.0,0.0,0.0,200.0,0.0,1125.0,613.0,180
concrete_compressive_strength_000798,55.15808,500.0,0.0,0.0,200.0,0.0,1125.0,613.0,270
concrete_compressive_strength_000799,41.63745564,540.0,0.0,0.0,173.0,0.0,1125.0,613.0,3
concrete_compressive_strength_000800,13.71367764,252.0,0.0,0.0,185.0,0.0,1111.0,784.0,7
concrete_compressive_strength_000801,19.691434559999998,252.0,0.0,0.0,185.0,0.0,1111.0,784.0,28
concrete_compressive_strength_000802,31.6469484,339.0,0.0,0.0,185.0,0.0,1060.0,754.0,28
concrete_compressive_strength_000803,19.10537996,393.0,0.0,0.0,192.0,0.0,940.0,758.0,3
concrete_compressive_strength_000804,39.58281716,393.0,0.0,0.0,192.0,0.0,940.0,758.0,28
concrete_compressive_strength_000805,48.79421652,393.0,0.0,0.0,192.0,0.0,940.0,758.0,90
concrete_compressive_strength_000806,24.00065956,382.0,0.0,0.0,185.0,0.0,1047.0,739.0,7
concrete_compressive_strength_000807,37.42475728,382.0,0.0,0.0,185.0,0.0,1047.0,739.0,28
concrete_compressive_strength_000808,11.46598588,252.0,0.0,0.0,186.0,0.0,1111.0,784.0,7
concrete_compressive_strength_000809,19.691434559999998,252.0,0.0,0.0,185.0,0.0,1111.0,784.0,28
concrete_compressive_strength_000810,14.98920824,310.0,0.0,0.0,192.0,0.0,970.0,850.0,7
concrete_compressive_strength_000811,27.923778,310.0,0.0,0.0,192.0,0.0,970.0,850.0,28
concrete_compressive_strength_000812,34.6806428,310.0,0.0,0.0,192.0,0.0,970.0,850.0,90
concrete_compressive_strength_000813,37.32823064,310.0,0.0,0.0,192.0,0.0,970.0,850.0,180
concrete_compressive_strength_000814,38.11423328,310.0,0.0,0.0,192.0,0.0,970.0,850.0,360
concrete_compressive_strength_000815,33.79811352,525.0,0.0,0.0,189.0,0.0,1125.0,613.0,3
concrete_compressive_strength_000816,42.42345828,525.0,0.0,0.0,189.0,0.0,1125.0,613.0,7
concrete_compressive_strength_000817,48.401215199999996,525.0,0.0,0.0,189.0,0.0,1125.0,613.0,14
concrete_compressive_strength_000818,55.94408264,525.0,0.0,0.0,189.0,0.0,1125.0,613.0,28
concrete_compressive_strength_000819,58.78472376,525.0,0.0,0.0,189.0,0.0,1125.0,613.0,90
concrete_compressive_strength_000820,67.11359384,525.0,0.0,0.0,189.0,0.0,1125.0,613.0,270
concrete_compressive_strength_000821,20.77391188,322.0,0.0,0.0,203.0,0.0,974.0,800.0,14
concrete_compressive_strength_000822,25.17966352,322.0,0.0,0.0,203.0,0.0,974.0,800.0,28
concrete_compressive_strength_000823,29.58541516,322.0,0.0,0.0,203.0,0.0,974.0,800.0,180
concrete_compressive_strength_000824,21.7529678,302.0,0.0,0.0,203.0,0.0,974.0,817.0,28
concrete_compressive_strength_000825,39.0932892,397.0,0.0,0.0,185.0,0.0,1040.0,734.0,28
concrete_compressive_strength_000826,24.39366088,480.0,0.0,0.0,192.0,0.0,936.0,721.0,3
concrete_compressive_strength_000827,50.511011759999995,522.0,0.0,0.0,146.0,0.0,896.0,896.0,7
concrete_compressive_strength_000828,74.98740975999999,522.0,0.0,0.0,146.0,0.0,896.0,896.0,28
concrete_compressive_strength_000829,37.16965116,273.0,105.0,82.0,210.0,9.0,904.0,680.0,28
concrete_compressive_strength_000830,33.75674496,162.0,190.0,148.0,179.0,19.0,838.0,741.0,28
concrete_compressive_strength_000831,16.49916068,154.0,144.0,112.0,220.0,10.0,923.0,658.0,28
concrete_compressive_strength_000832,19.98790924,147.0,115.0,89.0,202.0,9.0,860.0,829.0,28
concrete_compressive_strength_000833,36.34917472,152.0,178.0,139.0,168.0,18.0,944.0,695.0,28
concrete_compressive_strength_000834,33.68779736,310.0,143.0,111.0,168.0,22.0,914.0,651.0,28
concrete_compressive_strength_000835,15.41668336,144.0,0.0,175.0,158.0,18.0,943.0,844.0,28
concrete_compressive_strength_000836,33.41890172,304.0,140.0,0.0,214.0,6.0,895.0,722.0,28
concrete_compressive_strength_000837,39.05192064,374.0,0.0,0.0,190.0,7.0,1013.0,730.0,28
concrete_compressive_strength_000838,27.67556664,159.0,149.0,116.0,175.0,15.0,953.0,720.0,28
concrete_compressive_strength_000839,26.8550902,153.0,239.0,0.0,200.0,6.0,1002.0,684.0,28
concrete_compressive_strength_000840,45.2985732,310.0,143.0,0.0,168.0,10.0,914.0,804.0,28
concrete_compressive_strength_000841,30.12320644,305.0,0.0,100.0,196.0,10.0,959.0,705.0,28
concrete_compressive_strength_000842,15.568368079999999,151.0,0.0,184.0,167.0,12.0,991.0,772.0,28
concrete_compressive_strength_000843,44.6090972,142.0,167.0,130.0,174.0,11.0,883.0,785.0,28
concrete_compressive_strength_000844,53.52402188,298.0,137.0,107.0,201.0,6.0,878.0,655.0,28
concrete_compressive_strength_000845,57.21271848,321.0,164.0,0.0,190.0,5.0,870.0,774.0,28
concrete_compressive_strength_000846,65.90701084,366.0,187.0,0.0,191.0,7.0,824.0,757.0,28
concrete_compressive_strength_000847,52.82075636,280.0,129.0,100.0,172.0,9.0,825.0,805.0,28
concrete_compressive_strength_000848,33.398217439999996,252.0,97.0,76.0,194.0,8.0,835.0,821.0,28
concrete_compressive_strength_000849,18.0297974,165.0,0.0,150.0,182.0,12.0,1023.0,729.0,28
concrete_compressive_strength_000850,37.36270444,156.0,243.0,0.0,180.0,11.0,1022.0,698.0,28
concrete_compressive_strength_000851,32.83974188,160.0,188.0,146.0,203.0,11.0,829.0,710.0,28
concrete_compressive_strength_000852,42.63719584,298.0,0.0,107.0,186.0,6.0,879.0,815.0,28
concrete_compressive_strength_000853,40.0585556,318.0,0.0,126.0,210.0,6.0,861.0,737.0,28
concrete_compressive_strength_000854,41.940825079999996,287.0,121.0,94.0,188.0,9.0,904.0,696.0,28
concrete_compressive_strength_000855,61.232363559999996,326.0,166.0,0.0,174.0,9.0,882.0,790.0,28
concrete_compressive_strength_000856,40.865242519999995,356.0,0.0,142.0,193.0,11.0,801.0,778.0,28
concrete_compressive_strength_000857,33.301690799999996,132.0,207.0,161.0,179.0,5.0,867.0,736.0,28
concrete_compressive_strength_000858,52.42086028,322.0,149.0,0.0,186.0,8.0,951.0,709.0,28
concrete_compressive_strength_000859,15.08573488,164.0,0.0,200.0,181.0,13.0,849.0,846.0,28
concrete_compressive_strength_000860,38.45897128,314.0,0.0,113.0,170.0,10.0,925.0,783.0,28
concrete_compressive_strength_000861,37.25928304,321.0,0.0,128.0,182.0,11.0,870.0,780.0,28
concrete_compressive_strength_000862,35.225328839999996,140.0,164.0,128.0,237.0,6.0,869.0,656.0,28
concrete_compressive_strength_000863,42.13387836,288.0,121.0,0.0,177.0,7.0,908.0,829.0,28
concrete_compressive_strength_000864,31.874475479999997,298.0,0.0,107.0,210.0,11.0,880.0,744.0,28
concrete_compressive_strength_000865,41.540929,265.0,111.0,86.0,195.0,6.0,833.0,790.0,28
concrete_compressive_strength_000866,39.45181672,160.0,250.0,0.0,168.0,12.0,1049.0,688.0,28
concrete_compressive_strength_000867,37.91428524,166.0,260.0,0.0,183.0,13.0,859.0,827.0,28
concrete_compressive_strength_000868,44.27814872,276.0,116.0,90.0,180.0,9.0,870.0,768.0,28
concrete_compressive_strength_000869,31.17810472,322.0,0.0,116.0,196.0,10.0,818.0,813.0,28
concrete_compressive_strength_000870,23.69039536,149.0,139.0,109.0,193.0,6.0,892.0,780.0,28
concrete_compressive_strength_000871,32.763899519999995,159.0,187.0,0.0,176.0,11.0,990.0,789.0,28
concrete_compressive_strength_000872,32.39847724,261.0,100.0,78.0,201.0,9.0,864.0,761.0,28
concrete_compressive_strength_000873,28.62704352,237.0,92.0,71.0,247.0,6.0,853.0,695.0,28
concrete_compressive_strength_000874,36.80422888,313.0,0.0,113.0,178.0,8.0,1002.0,689.0,28
concrete_compressive_strength_000875,18.28490352,155.0,183.0,0.0,193.0,9.0,1047.0,697.0,28
concrete_compressive_strength_000876,33.0603742,146.0,230.0,0.0,202.0,3.0,827.0,872.0,28
concrete_compressive_strength_000877,31.419421319999998,296.0,0.0,107.0,221.0,11.0,819.0,778.0,28
concrete_compressive_strength_000878,31.026419999999998,133.0,210.0,0.0,196.0,3.0,949.0,795.0,28
concrete_compressive_strength_000879,44.38846488,313.0,145.0,0.0,178.0,8.0,867.0,824.0,28
concrete_compressive_strength_000880,12.17614616,152.0,0.0,112.0,184.0,8.0,992.0,816.0,28
concrete_compressive_strength_000881,25.55887532,153.0,145.0,113.0,178.0,8.0,1002.0,689.0,28
concrete_compressive_strength_000882,36.4388066,140.0,133.0,103.0,200.0,7.0,916.0,753.0,28
concrete_compressive_strength_000883,32.956952799999996,149.0,236.0,0.0,176.0,13.0,847.0,893.0,28
concrete_compressive_strength_000884,23.83518532,300.0,0.0,120.0,212.0,10.0,878.0,728.0,28
concrete_compressive_strength_000885,26.22766704,153.0,145.0,113.0,178.0,8.0,867.0,824.0,28
concrete_compressive_strength_000886,17.95395504,148.0,0.0,137.0,158.0,16.0,1002.0,830.0,28
concrete_compressive_strength_000887,40.679083999999996,326.0,0.0,138.0,199.0,11.0,801.0,792.0,28
concrete_compressive_strength_000888,19.00885332,153.0,145.0,0.0,178.0,8.0,1000.0,822.0,28
concrete_compressive_strength_000889,33.7153764,262.0,111.0,86.0,195.0,5.0,895.0,733.0,28
concrete_compressive_strength_000890,8.53571288,158.0,0.0,195.0,220.0,11.0,898.0,713.0,28
concrete_compressive_strength_000891,13.45857152,151.0,0.0,185.0,167.0,16.0,1074.0,678.0,28
concrete_compressive_strength_000892,32.23989776,273.0,0.0,90.0,199.0,11.0,931.0,762.0,28
concrete_compressive_strength_000893,23.51802636,149.0,118.0,92.0,183.0,7.0,953.0,780.0,28
concrete_compressive_strength_000894,29.72331036,143.0,169.0,143.0,191.0,8.0,967.0,643.0,28
concrete_compressive_strength_000895,49.77327244,260.0,101.0,78.0,171.0,10.0,936.0,763.0,28
concrete_compressive_strength_000896,52.44154456,313.0,161.0,0.0,178.0,10.0,917.0,759.0,28
concrete_compressive_strength_000897,40.93419012,284.0,120.0,0.0,168.0,7.0,970.0,794.0,28
concrete_compressive_strength_000898,44.86420332,336.0,0.0,0.0,182.0,3.0,986.0,817.0,28
concrete_compressive_strength_000899,13.19657064,145.0,0.0,134.0,181.0,11.0,979.0,812.0,28
concrete_compressive_strength_000900,37.431652039999996,150.0,237.0,0.0,174.0,12.0,1069.0,675.0,28
concrete_compressive_strength_000901,29.86810032,144.0,170.0,133.0,192.0,8.0,814.0,805.0,28
concrete_compressive_strength_000902,56.61287436,331.0,170.0,0.0,195.0,8.0,811.0,802.0,28
concrete_compressive_strength_000903,12.45883132,155.0,0.0,143.0,193.0,9.0,1047.0,697.0,28
concrete_compressive_strength_000904,23.786922,155.0,183.0,0.0,193.0,9.0,877.0,868.0,28
concrete_compressive_strength_000905,13.29309728,135.0,0.0,166.0,180.0,10.0,961.0,805.0,28
concrete_compressive_strength_000906,39.417342919999996,266.0,112.0,87.0,178.0,10.0,910.0,745.0,28
concrete_compressive_strength_000907,46.2293658,314.0,145.0,113.0,179.0,8.0,869.0,690.0,28
concrete_compressive_strength_000908,44.51946532,313.0,145.0,0.0,127.0,8.0,1000.0,822.0,28
concrete_compressive_strength_000909,23.73865868,146.0,173.0,0.0,182.0,3.0,986.0,817.0,28
concrete_compressive_strength_000910,26.14492992,144.0,136.0,106.0,178.0,7.0,941.0,774.0,28
concrete_compressive_strength_000911,15.520104759999999,148.0,0.0,182.0,181.0,15.0,839.0,884.0,28
concrete_compressive_strength_000912,43.5748832,277.0,117.0,91.0,191.0,7.0,946.0,666.0,28
concrete_compressive_strength_000913,35.85964676,298.0,0.0,107.0,164.0,13.0,953.0,784.0,28
concrete_compressive_strength_000914,41.05140104,313.0,145.0,0.0,178.0,8.0,1002.0,689.0,28
concrete_compressive_strength_000915,28.98557104,155.0,184.0,143.0,194.0,9.0,880.0,699.0,28
concrete_compressive_strength_000916,46.24315532,289.0,134.0,0.0,195.0,6.0,924.0,760.0,28
concrete_compressive_strength_000917,26.91714304,148.0,175.0,0.0,171.0,2.0,1000.0,828.0,28
concrete_compressive_strength_000918,10.53519328,145.0,0.0,179.0,202.0,8.0,824.0,869.0,28
concrete_compressive_strength_000919,25.0969264,313.0,0.0,0.0,178.0,8.0,1000.0,822.0,28
concrete_compressive_strength_000920,29.06830816,136.0,162.0,126.0,172.0,10.0,923.0,764.0,28
concrete_compressive_strength_000921,9.735401119999999,155.0,0.0,143.0,193.0,9.0,877.0,868.0,28
concrete_compressive_strength_000922,33.79811352,255.0,99.0,77.0,189.0,6.0,919.0,749.0,28
concrete_compressive_strength_000923,39.84481804,162.0,207.0,172.0,216.0,10.0,822.0,638.0,28
concrete_compressive_strength_000924,26.96540636,136.0,196.0,98.0,199.0,6.0,847.0,783.0,28
concrete_compressive_strength_000925,27.234302,164.0,163.0,128.0,197.0,8.0,961.0,641.0,28
concrete_compressive_strength_000926,30.647208199999998,162.0,214.0,164.0,202.0,10.0,820.0,680.0,28
concrete_compressive_strength_000927,33.05347944,157.0,214.0,152.0,200.0,9.0,819.0,704.0,28
concrete_compressive_strength_000928,24.579819399999998,149.0,153.0,194.0,192.0,8.0,935.0,623.0,28
concrete_compressive_strength_000929,21.91154728,135.0,105.0,193.0,196.0,6.0,965.0,643.0,28
concrete_compressive_strength_000930,30.881630039999997,159.0,209.0,161.0,201.0,7.0,848.0,669.0,28
concrete_compressive_strength_000931,15.340841,144.0,15.0,195.0,176.0,6.0,1021.0,709.0,28
concrete_compressive_strength_000932,24.3385028,154.0,174.0,185.0,228.0,7.0,845.0,612.0,28
concrete_compressive_strength_000933,23.8903434,167.0,187.0,195.0,185.0,7.0,898.0,636.0,28
concrete_compressive_strength_000934,22.93197176,184.0,86.0,190.0,213.0,6.0,923.0,623.0,28
concrete_compressive_strength_000935,29.41304616,156.0,178.0,187.0,221.0,7.0,854.0,614.0,28
concrete_compressive_strength_000936,28.629801423999997,236.9,91.7,71.5,246.9,6.0,852.9,695.4,28
concrete_compressive_strength_000937,36.804918356,313.3,0.0,113.0,178.5,8.0,1001.9,688.7,28
concrete_compressive_strength_000938,18.287661424,154.8,183.4,0.0,193.3,9.1,1047.4,696.7,28
concrete_compressive_strength_000939,32.720462532,145.9,230.5,0.0,202.5,3.4,827.0,871.8,28
concrete_compressive_strength_000940,31.420110796000003,296.0,0.0,106.7,221.4,10.5,819.2,778.4,28
concrete_compressive_strength_000941,28.937997196,133.1,210.2,0.0,195.7,3.1,949.4,795.3,28
concrete_compressive_strength_000942,40.925226931999994,313.3,145.0,0.0,178.5,8.0,867.2,824.0,28
concrete_compressive_strength_000943,12.180972492,151.6,0.0,111.9,184.4,7.9,992.0,815.9,28
concrete_compressive_strength_000944,25.559564796,153.1,145.0,113.0,178.5,8.0,1001.9,688.7,28
concrete_compressive_strength_000945,36.443632932,139.9,132.6,103.3,200.3,7.4,916.0,753.4,28
concrete_compressive_strength_000946,32.96384756,149.5,236.0,0.0,175.8,12.6,846.8,892.7,28
concrete_compressive_strength_000947,23.835874796,299.8,0.0,119.8,211.5,9.9,878.2,727.6,28
concrete_compressive_strength_000948,26.233182848000002,153.1,145.0,113.0,178.5,8.0,867.2,824.0,28
concrete_compressive_strength_000949,17.959470848000002,148.1,0.0,136.6,158.1,16.1,1001.8,830.1,28
concrete_compressive_strength_000950,38.630650804,326.5,0.0,137.9,199.0,10.8,801.1,792.5,28
concrete_compressive_strength_000951,19.009542795999998,152.7,144.7,0.0,178.1,8.0,999.7,822.2,28
concrete_compressive_strength_000952,33.71882378,261.9,110.5,86.1,195.4,5.0,895.2,732.6,28
concrete_compressive_strength_000953,8.536402356,158.4,0.0,194.9,219.7,11.0,897.7,712.9,28
concrete_compressive_strength_000954,13.461329424,150.7,0.0,185.3,166.7,15.6,1074.5,678.0,28
concrete_compressive_strength_000955,32.245413568000004,272.6,0.0,89.6,198.7,10.6,931.3,762.2,28
concrete_compressive_strength_000956,23.524231644,149.0,117.6,91.7,182.9,7.1,953.4,780.3,28
concrete_compressive_strength_000957,29.726068263999995,143.0,169.4,142.7,190.7,8.4,967.4,643.5,28
concrete_compressive_strength_000958,49.77327244,259.9,100.6,78.4,170.6,10.4,935.7,762.9,28
concrete_compressive_strength_000959,52.446370892,312.9,160.5,0.0,177.6,9.6,916.6,759.5,28
concrete_compressive_strength_000960,40.934879596,284.0,119.7,0.0,168.3,7.2,970.4,794.2,28
concrete_compressive_strength_000961,44.868340176000004,336.5,0.0,0.0,181.9,3.4,985.8,816.8,28
concrete_compressive_strength_000962,13.202086448,144.8,0.0,133.6,180.8,11.1,979.5,811.5,28
concrete_compressive_strength_000963,37.431652039999996,150.0,236.8,0.0,173.8,11.9,1069.3,674.8,28
concrete_compressive_strength_000964,29.870858223999996,143.7,170.2,132.6,191.6,8.5,814.1,805.3,28
concrete_compressive_strength_000965,56.619079643999996,330.5,169.6,0.0,194.9,8.1,811.0,802.3,28
concrete_compressive_strength_000966,12.459520796,154.8,0.0,142.8,193.3,9.1,1047.4,696.7,28
concrete_compressive_strength_000967,23.786922,154.8,183.4,0.0,193.3,9.1,877.2,867.7,28
concrete_compressive_strength_000968,13.293786756,134.7,0.0,165.7,180.2,10.0,961.0,804.9,28
concrete_compressive_strength_000969,39.421479776,266.2,112.3,87.5,177.9,10.4,909.7,744.5,28
concrete_compressive_strength_000970,46.234192132,314.0,145.3,113.2,178.9,8.0,869.1,690.2,28
concrete_compressive_strength_000971,44.523602176000004,312.7,144.7,0.0,127.3,8.0,999.7,822.2,28
concrete_compressive_strength_000972,23.744174488,145.7,172.6,0.0,181.9,3.4,985.8,816.8,28
concrete_compressive_strength_000973,26.147687824,143.8,136.3,106.2,178.1,7.5,941.5,774.3,28
concrete_compressive_strength_000974,15.526310044,148.1,0.0,182.1,181.4,15.0,838.9,884.3,28
concrete_compressive_strength_000975,43.57833058,277.0,116.8,91.0,190.6,7.0,946.5,665.6,28
concrete_compressive_strength_000976,35.86585204399999,298.1,0.0,107.5,163.6,12.8,953.2,784.0,28
concrete_compressive_strength_000977,41.053469468,313.3,145.0,0.0,178.5,8.0,1001.9,688.7,28
concrete_compressive_strength_000978,28.991086848000002,155.2,183.9,143.2,193.8,9.2,879.6,698.5,28
concrete_compressive_strength_000979,46.247292176,289.0,133.7,0.0,194.9,5.5,924.1,760.1,28
concrete_compressive_strength_000980,26.922658848,147.8,175.1,0.0,171.2,2.2,1000.0,828.5,28
concrete_compressive_strength_000981,10.535882756,145.4,0.0,178.9,201.7,7.8,824.0,868.7,28
concrete_compressive_strength_000982,25.10382116,312.7,0.0,0.0,178.1,8.0,999.7,822.2,28
concrete_compressive_strength_000983,29.073134491999998,136.4,161.6,125.8,171.6,10.4,922.6,764.4,28
concrete_compressive_strength_000984,9.738159024,154.8,0.0,142.8,193.3,9.1,877.2,867.7,28
concrete_compressive_strength_000985,33.798802996,255.3,98.8,77.0,188.6,6.5,919.0,749.3,28
concrete_compressive_strength_000986,37.171030112,272.8,105.1,81.8,209.7,9.0,904.0,679.7,28
concrete_compressive_strength_000987,33.762260768,162.0,190.1,148.1,178.8,18.8,838.1,741.4,28
concrete_compressive_strength_000988,16.503987012,153.6,144.2,112.3,220.1,10.1,923.2,657.9,28
concrete_compressive_strength_000989,19.98790924,146.5,114.6,89.3,201.9,8.8,860.0,829.5,28
concrete_compressive_strength_000990,36.349864196,151.8,178.1,138.7,167.5,18.3,944.0,694.6,28
concrete_compressive_strength_000991,38.215586251999994,309.9,142.8,111.2,167.8,22.1,913.9,651.2,28
concrete_compressive_strength_000992,15.42357812,143.6,0.0,174.9,158.4,17.9,942.7,844.5,28
concrete_compressive_strength_000993,33.419591196,303.6,139.9,0.0,213.5,6.2,895.5,722.5,28
concrete_compressive_strength_000994,39.056057496,374.3,0.0,0.0,190.2,6.7,1013.2,730.4,28
concrete_compressive_strength_000995,27.681082448,158.6,148.9,116.0,175.1,15.0,953.3,719.7,28
concrete_compressive_strength_000996,26.859916531999996,152.6,238.7,0.0,200.0,6.3,1001.8,683.9,28
concrete_compressive_strength_000997,45.304778483999996,310.0,142.8,0.0,167.9,10.0,914.3,804.0,28
concrete_compressive_strength_000998,30.12320644,304.8,0.0,99.6,196.0,9.8,959.4,705.2,28
concrete_compressive_strength_000999,15.569747031999999,150.9,0.0,183.9,166.6,11.6,991.2,772.2,28
concrete_compressive_strength_001000,44.61185510399999,141.9,166.6,129.7,173.5,10.9,882.6,785.3,28
concrete_compressive_strength_001001,53.524711356,297.8,137.2,106.9,201.3,6.0,878.4,655.3,28
concrete_compressive_strength_001002,57.21823428799999,321.3,164.2,0.0,190.5,4.6,870.0,774.0,28
concrete_compressive_strength_001003,65.909079268,366.0,187.0,0.0,191.3,6.6,824.3,756.9,28
concrete_compressive_strength_001004,52.826961643999994,279.8,128.9,100.4,172.4,9.5,825.1,804.9,28
concrete_compressive_strength_001005,33.399596392,252.1,97.1,75.6,193.8,8.3,835.5,821.4,28
concrete_compressive_strength_001006,18.033934256,164.6,0.0,150.4,181.6,11.7,1023.3,728.9,28
concrete_compressive_strength_001007,37.363393916,155.6,243.5,0.0,180.3,10.7,1022.0,697.7,28
concrete_compressive_strength_001008,35.314271244,160.2,188.0,146.4,203.2,11.3,828.7,709.7,28
concrete_compressive_strength_001009,42.6440906,298.1,0.0,107.0,186.4,6.1,879.0,815.2,28
concrete_compressive_strength_001010,40.062002979999995,317.9,0.0,126.5,209.7,5.7,860.5,736.6,28
concrete_compressive_strength_001011,43.798273423999994,287.3,120.5,93.9,187.6,9.2,904.4,695.9,28
concrete_compressive_strength_001012,61.23581094,325.6,166.4,0.0,174.0,8.9,881.6,790.0,28
concrete_compressive_strength_001013,40.8686899,355.9,0.0,141.6,193.3,11.0,801.4,778.4,28
concrete_compressive_strength_001014,33.306517131999996,132.0,206.5,160.9,178.9,5.5,866.9,735.6,28
concrete_compressive_strength_001015,52.426376088,322.5,148.6,0.0,185.8,8.5,951.0,709.5,28
concrete_compressive_strength_001016,15.091250688,164.2,0.0,200.1,181.2,12.6,849.3,846.0,28
concrete_compressive_strength_001017,38.461039708,313.8,0.0,112.6,169.9,10.1,925.3,782.9,28
concrete_compressive_strength_001018,37.265488323999996,321.4,0.0,127.9,182.5,11.5,870.1,779.7,28
concrete_compressive_strength_001019,35.225328839999996,139.7,163.9,127.7,236.7,5.8,868.6,655.6,28
concrete_compressive_strength_001020,42.14008364399999,288.4,121.0,0.0,177.4,7.0,907.9,829.5,28
concrete_compressive_strength_001021,31.875164956000003,298.2,0.0,107.0,209.7,11.1,879.6,744.2,28
concrete_compressive_strength_001022,41.542307951999994,264.5,111.0,86.5,195.5,5.9,832.6,790.4,28
concrete_compressive_strength_001023,39.455953576,159.8,250.0,0.0,168.4,12.2,1049.3,688.2,28
concrete_compressive_strength_001024,37.917043144,166.0,259.7,0.0,183.2,12.7,858.8,826.8,28
concrete_compressive_strength_001025,44.284354003999994,276.4,116.0,90.3,179.6,8.9,870.1,768.3,28
concrete_compressive_strength_001026,31.178794196000002,322.2,0.0,115.6,196.0,10.4,817.9,813.4,28
concrete_compressive_strength_001027,23.696600644,148.5,139.4,108.6,192.7,6.1,892.4,780.0,28
concrete_compressive_strength_001028,32.768036376000005,159.1,186.7,0.0,175.6,11.3,989.6,788.9,28
concrete_compressive_strength_001029,32.401235144,260.9,100.5,78.3,200.6,8.6,864.5,761.5,28
